period,close_date
2023-01,2023-02-07
2023-02,2023-03-07
2023-03,2023-04-07
2023-04,2023-05-05
2023-05,2023-06-07
2023-06,2023-07-07
2023-07,2023-08-07
2023-08,2023-09-07
2023-09,2023-10-06
2023-10,2023-11-07
2023-11,2023-12-07
2023-12,2024-01-05
2024-01,2024-02-07
2024-02,2024-03-07
2024-03,2024-04-05
2024-04,2024-05-07
2024-05,2024-06-07
2024-06,2024-07-05
2024-07,2024-08-07
2024-08,2024-09-06
2024-09,2024-10-07
2024-10,2024-11-07
2024-11,2024-12-06
2024-12,2025-01-07
2025-01,2025-02-07
2025-02,2025-03-07
2025-03,2025-04-07
2025-04,2025-05-07
2025-05,2025-06-06
2025-06,2025-07-07
2025-07,2025-08-07
2025-08,2025-09-05
2025-09,2025-10-07
2025-10,2025-11-07
2025-11,2025-12-05
2025-12,2026-01-07
2026-01,2026-02-06
2026-02,2026-03-06
2026-03,2026-04-07
2026-04,2026-05-07
2026-05,2026-06-05
2026-06,2026-07-07
2026-07,2026-08-07
2026-08,2026-09-07
2026-09,2026-10-07
