rate_date,currency,usd_per_unit,source
2023-01-01,EUR,1.066600,ecb_carried_forward
2023-01-01,GBP,1.202575,ecb_carried_forward
2023-01-02,EUR,1.068300,ecb
2023-01-02,GBP,1.205348,ecb
2023-01-03,EUR,1.054500,ecb
2023-01-03,GBP,1.197642,ecb
2023-01-04,EUR,1.059900,ecb
2023-01-04,GBP,1.203393,ecb
2023-01-05,EUR,1.060100,ecb
2023-01-05,GBP,1.200525,ecb
2023-01-06,EUR,1.050000,ecb
2023-01-06,GBP,1.186776,ecb
2023-01-07,EUR,1.050000,ecb_carried_forward
2023-01-07,GBP,1.186776,ecb_carried_forward
2023-01-08,EUR,1.050000,ecb_carried_forward
2023-01-08,GBP,1.186776,ecb_carried_forward
2023-01-09,EUR,1.069600,ecb
2023-01-09,GBP,1.214792,ecb
2023-01-10,EUR,1.072300,ecb
2023-01-10,GBP,1.213970,ecb
2023-01-11,EUR,1.074700,ecb
2023-01-11,GBP,1.211981,ecb
2023-01-12,EUR,1.077200,ecb
2023-01-12,GBP,1.214568,ecb
2023-01-13,EUR,1.081400,ecb
2023-01-13,GBP,1.217793,ecb
2023-01-14,EUR,1.081400,ecb_carried_forward
2023-01-14,GBP,1.217793,ecb_carried_forward
2023-01-15,EUR,1.081400,ecb_carried_forward
2023-01-15,GBP,1.217793,ecb_carried_forward
2023-01-16,EUR,1.081200,ecb
2023-01-16,GBP,1.218144,ecb
2023-01-17,EUR,1.084300,ecb
2023-01-17,GBP,1.223884,ecb
2023-01-18,EUR,1.083900,ecb
2023-01-18,GBP,1.238318,ecb
2023-01-19,EUR,1.081500,ecb
2023-01-19,GBP,1.233913,ecb
2023-01-20,EUR,1.082600,ecb
2023-01-20,GBP,1.235845,ecb
2023-01-21,EUR,1.082600,ecb_carried_forward
2023-01-21,GBP,1.235845,ecb_carried_forward
2023-01-22,EUR,1.082600,ecb_carried_forward
2023-01-22,GBP,1.235845,ecb_carried_forward
2023-01-23,EUR,1.087100,ecb
2023-01-23,GBP,1.235762,ecb
2023-01-24,EUR,1.085800,ecb
2023-01-24,GBP,1.228725,ecb
2023-01-25,EUR,1.087800,ecb
2023-01-25,GBP,1.232662,ecb
2023-01-26,EUR,1.089500,ecb
2023-01-26,GBP,1.238842,ecb
2023-01-27,EUR,1.086500,ecb
2023-01-27,GBP,1.236275,ecb
2023-01-28,EUR,1.086500,ecb_carried_forward
2023-01-28,GBP,1.236275,ecb_carried_forward
2023-01-29,EUR,1.086500,ecb_carried_forward
2023-01-29,GBP,1.236275,ecb_carried_forward
2023-01-30,EUR,1.090300,ecb
2023-01-30,GBP,1.239287,ecb
2023-01-31,EUR,1.083300,ecb
2023-01-31,GBP,1.230002,ecb
2023-02-01,EUR,1.089400,ecb
2023-02-01,GBP,1.232172,ecb
2023-02-02,EUR,1.098800,ecb
2023-02-02,GBP,1.230611,ecb
2023-02-03,EUR,1.093700,ecb
2023-02-03,GBP,1.225434,ecb
2023-02-04,EUR,1.093700,ecb_carried_forward
2023-02-04,GBP,1.225434,ecb_carried_forward
2023-02-05,EUR,1.093700,ecb_carried_forward
2023-02-05,GBP,1.225434,ecb_carried_forward
2023-02-06,EUR,1.077600,ecb
2023-02-06,GBP,1.207016,ecb
2023-02-07,EUR,1.070000,ecb
2023-02-07,GBP,1.197699,ecb
2023-02-08,EUR,1.073500,ecb
2023-02-08,GBP,1.208896,ecb
2023-02-09,EUR,1.077100,ecb
2023-02-09,GBP,1.216856,ecb
2023-02-10,EUR,1.069000,ecb
2023-02-10,GBP,1.209988,ecb
2023-02-11,EUR,1.069000,ecb_carried_forward
2023-02-11,GBP,1.209988,ecb_carried_forward
2023-02-12,EUR,1.069000,ecb_carried_forward
2023-02-12,GBP,1.209988,ecb_carried_forward
2023-02-13,EUR,1.068600,ecb
2023-02-13,GBP,1.210453,ecb
2023-02-14,EUR,1.075900,ecb
2023-02-14,GBP,1.220879,ecb
2023-02-15,EUR,1.070000,ecb
2023-02-15,GBP,1.204616,ecb
2023-02-16,EUR,1.070000,ecb
2023-02-16,GBP,1.203830,ecb
2023-02-17,EUR,1.062500,ecb
2023-02-17,GBP,1.195324,ecb
2023-02-18,EUR,1.062500,ecb_carried_forward
2023-02-18,GBP,1.195324,ecb_carried_forward
2023-02-19,EUR,1.062500,ecb_carried_forward
2023-02-19,GBP,1.195324,ecb_carried_forward
2023-02-20,EUR,1.067400,ecb
2023-02-20,GBP,1.202867,ecb
2023-02-21,EUR,1.066400,ecb
2023-02-21,GBP,1.212852,ecb
2023-02-22,EUR,1.064400,ecb
2023-02-22,GBP,1.210302,ecb
2023-02-23,EUR,1.061600,ecb
2023-02-23,GBP,1.204447,ecb
2023-02-24,EUR,1.057000,ecb
2023-02-24,GBP,1.197802,ecb
2023-02-25,EUR,1.057000,ecb_carried_forward
2023-02-25,GBP,1.197802,ecb_carried_forward
2023-02-26,EUR,1.057000,ecb_carried_forward
2023-02-26,GBP,1.197802,ecb_carried_forward
2023-02-27,EUR,1.055400,ecb
2023-02-27,GBP,1.198324,ecb
2023-02-28,EUR,1.061900,ecb
2023-02-28,GBP,1.210819,ecb
2023-03-01,EUR,1.068400,ecb
2023-03-01,GBP,1.206223,ecb
2023-03-02,EUR,1.060500,ecb
2023-03-02,GBP,1.194459,ecb
2023-03-03,EUR,1.061500,ecb
2023-03-03,GBP,1.199029,ecb
2023-03-04,EUR,1.061500,ecb_carried_forward
2023-03-04,GBP,1.199029,ecb_carried_forward
2023-03-05,EUR,1.061500,ecb_carried_forward
2023-03-05,GBP,1.199029,ecb_carried_forward
2023-03-06,EUR,1.064600,ecb
2023-03-06,GBP,1.201173,ecb
2023-03-07,EUR,1.066500,ecb
2023-03-07,GBP,1.198746,ecb
2023-03-08,EUR,1.054500,ecb
2023-03-08,GBP,1.183847,ecb
2023-03-09,EUR,1.055400,ecb
2023-03-09,GBP,1.188326,ecb
2023-03-10,EUR,1.058600,ecb
2023-03-10,GBP,1.199438,ecb
2023-03-11,EUR,1.058600,ecb_carried_forward
2023-03-11,GBP,1.199438,ecb_carried_forward
2023-03-12,EUR,1.058600,ecb_carried_forward
2023-03-12,GBP,1.199438,ecb_carried_forward
2023-03-13,EUR,1.070600,ecb
2023-03-13,GBP,1.211497,ecb
2023-03-14,EUR,1.073700,ecb
2023-03-14,GBP,1.219365,ecb
2023-03-15,EUR,1.054900,ecb
2023-03-15,GBP,1.209151,ecb
2023-03-16,EUR,1.059500,ecb
2023-03-16,GBP,1.206445,ecb
2023-03-17,EUR,1.062300,ecb
2023-03-17,GBP,1.214224,ecb
2023-03-18,EUR,1.062300,ecb_carried_forward
2023-03-18,GBP,1.214224,ecb_carried_forward
2023-03-19,EUR,1.062300,ecb_carried_forward
2023-03-19,GBP,1.214224,ecb_carried_forward
2023-03-20,EUR,1.071700,ecb
2023-03-20,GBP,1.223961,ecb
2023-03-21,EUR,1.077600,ecb
2023-03-21,GBP,1.224086,ecb
2023-03-22,EUR,1.078500,ecb
2023-03-22,GBP,1.226614,ecb
2023-03-23,EUR,1.087900,ecb
2023-03-23,GBP,1.228946,ecb
2023-03-24,EUR,1.074500,ecb
2023-03-24,GBP,1.221856,ecb
2023-03-25,EUR,1.074500,ecb_carried_forward
2023-03-25,GBP,1.221856,ecb_carried_forward
2023-03-26,EUR,1.074500,ecb_carried_forward
2023-03-26,GBP,1.221856,ecb_carried_forward
2023-03-27,EUR,1.077300,ecb
2023-03-27,GBP,1.226742,ecb
2023-03-28,EUR,1.084100,ecb
2023-03-28,GBP,1.232800,ecb
2023-03-29,EUR,1.084700,ecb
2023-03-29,GBP,1.232782,ecb
2023-03-30,EUR,1.088600,ecb
2023-03-30,GBP,1.234744,ecb
2023-03-31,EUR,1.087500,ecb
2023-03-31,GBP,1.236920,ecb
2023-04-01,EUR,1.087500,ecb_carried_forward
2023-04-01,GBP,1.236920,ecb_carried_forward
2023-04-02,EUR,1.087500,ecb_carried_forward
2023-04-02,GBP,1.236920,ecb_carried_forward
2023-04-03,EUR,1.087000,ecb
2023-04-03,GBP,1.238182,ecb
2023-04-04,EUR,1.090100,ecb
2023-04-04,GBP,1.248211,ecb
2023-04-05,EUR,1.094000,ecb
2023-04-05,GBP,1.247648,ecb
2023-04-06,EUR,1.091500,ecb
2023-04-06,GBP,1.247500,ecb
2023-04-07,EUR,1.091500,ecb_carried_forward
2023-04-07,GBP,1.247500,ecb_carried_forward
2023-04-08,EUR,1.091500,ecb_carried_forward
2023-04-08,GBP,1.247500,ecb_carried_forward
2023-04-09,EUR,1.091500,ecb_carried_forward
2023-04-09,GBP,1.247500,ecb_carried_forward
2023-04-10,EUR,1.091500,ecb_carried_forward
2023-04-10,GBP,1.247500,ecb_carried_forward
2023-04-11,EUR,1.090500,ecb
2023-04-11,GBP,1.242905,ecb
2023-04-12,EUR,1.092200,ecb
2023-04-12,GBP,1.240601,ecb
2023-04-13,EUR,1.101500,ecb
2023-04-13,GBP,1.250880,ecb
2023-04-14,EUR,1.105700,ecb
2023-04-14,GBP,1.250226,ecb
2023-04-15,EUR,1.105700,ecb_carried_forward
2023-04-15,GBP,1.250226,ecb_carried_forward
2023-04-16,EUR,1.105700,ecb_carried_forward
2023-04-16,GBP,1.250226,ecb_carried_forward
2023-04-17,EUR,1.098100,ecb
2023-04-17,GBP,1.242574,ecb
2023-04-18,EUR,1.097200,ecb
2023-04-18,GBP,1.244795,ecb
2023-04-19,EUR,1.093300,ecb
2023-04-19,GBP,1.240863,ecb
2023-04-20,EUR,1.094400,ecb
2023-04-20,GBP,1.241478,ecb
2023-04-21,EUR,1.097800,ecb
2023-04-21,GBP,1.239472,ecb
2023-04-22,EUR,1.097800,ecb_carried_forward
2023-04-22,GBP,1.239472,ecb_carried_forward
2023-04-23,EUR,1.097800,ecb_carried_forward
2023-04-23,GBP,1.239472,ecb_carried_forward
2023-04-24,EUR,1.100200,ecb
2023-04-24,GBP,1.243684,ecb
2023-04-25,EUR,1.102200,ecb
2023-04-25,GBP,1.243387,ecb
2023-04-26,EUR,1.103900,ecb
2023-04-26,GBP,1.246500,ecb
2023-04-27,EUR,1.104200,ecb
2023-04-27,GBP,1.248700,ecb
2023-04-28,EUR,1.098100,ecb
2023-04-28,GBP,1.247132,ecb
2023-04-29,EUR,1.098100,ecb_carried_forward
2023-04-29,GBP,1.247132,ecb_carried_forward
2023-04-30,EUR,1.098100,ecb_carried_forward
2023-04-30,GBP,1.247132,ecb_carried_forward
2023-05-01,EUR,1.098100,ecb_carried_forward
2023-05-01,GBP,1.247132,ecb_carried_forward
2023-05-02,EUR,1.096500,ecb
2023-05-02,GBP,1.247895,ecb
2023-05-03,EUR,1.104300,ecb
2023-05-03,GBP,1.251119,ecb
2023-05-04,EUR,1.107400,ecb
2023-05-04,GBP,1.258195,ecb
2023-05-05,EUR,1.101400,ecb
2023-05-05,GBP,1.260500,ecb
2023-05-06,EUR,1.101400,ecb_carried_forward
2023-05-06,GBP,1.260500,ecb_carried_forward
2023-05-07,EUR,1.101400,ecb_carried_forward
2023-05-07,GBP,1.260500,ecb_carried_forward
2023-05-08,EUR,1.103700,ecb
2023-05-08,GBP,1.265305,ecb
2023-05-09,EUR,1.095900,ecb
2023-05-09,GBP,1.259800,ecb
2023-05-10,EUR,1.095000,ecb
2023-05-10,GBP,1.261332,ecb
2023-05-11,EUR,1.093000,ecb
2023-05-11,GBP,1.259289,ecb
2023-05-12,EUR,1.089200,ecb
2023-05-12,GBP,1.251666,ecb
2023-05-13,EUR,1.089200,ecb_carried_forward
2023-05-13,GBP,1.251666,ecb_carried_forward
2023-05-14,EUR,1.089200,ecb_carried_forward
2023-05-14,GBP,1.251666,ecb_carried_forward
2023-05-15,EUR,1.087600,ecb
2023-05-15,GBP,1.250935,ecb
2023-05-16,EUR,1.088100,ecb
2023-05-16,GBP,1.251582,ecb
2023-05-17,EUR,1.082900,ecb
2023-05-17,GBP,1.246217,ecb
2023-05-18,EUR,1.081300,ecb
2023-05-18,GBP,1.244447,ecb
2023-05-19,EUR,1.080800,ecb
2023-05-19,GBP,1.244588,ecb
2023-05-20,EUR,1.080800,ecb_carried_forward
2023-05-20,GBP,1.244588,ecb_carried_forward
2023-05-21,EUR,1.080800,ecb_carried_forward
2023-05-21,GBP,1.244588,ecb_carried_forward
2023-05-22,EUR,1.082200,ecb
2023-05-22,GBP,1.246114,ecb
2023-05-23,EUR,1.077900,ecb
2023-05-23,GBP,1.239065,ecb
2023-05-24,EUR,1.078500,ecb
2023-05-24,GBP,1.239755,ecb
2023-05-25,EUR,1.073500,ecb
2023-05-25,GBP,1.236851,ecb
2023-05-26,EUR,1.075100,ecb
2023-05-26,GBP,1.238409,ecb
2023-05-27,EUR,1.075100,ecb_carried_forward
2023-05-27,GBP,1.238409,ecb_carried_forward
2023-05-28,EUR,1.075100,ecb_carried_forward
2023-05-28,GBP,1.238409,ecb_carried_forward
2023-05-29,EUR,1.071500,ecb
2023-05-29,GBP,1.234376,ecb
2023-05-30,EUR,1.074400,ecb
2023-05-30,GBP,1.244022,ecb
2023-05-31,EUR,1.068300,ecb
2023-05-31,GBP,1.236387,ecb
2023-06-01,EUR,1.069700,ecb
2023-06-01,GBP,1.246402,ecb
2023-06-02,EUR,1.076300,ecb
2023-06-02,GBP,1.252531,ecb
2023-06-03,EUR,1.076300,ecb_carried_forward
2023-06-03,GBP,1.252531,ecb_carried_forward
2023-06-04,EUR,1.076300,ecb_carried_forward
2023-06-04,GBP,1.252531,ecb_carried_forward
2023-06-05,EUR,1.069000,ecb
2023-06-05,GBP,1.238372,ecb
2023-06-06,EUR,1.068300,ecb
2023-06-06,GBP,1.240723,ecb
2023-06-07,EUR,1.071700,ecb
2023-06-07,GBP,1.246598,ecb
2023-06-08,EUR,1.073700,ecb
2023-06-08,GBP,1.246850,ecb
2023-06-09,EUR,1.078000,ecb
2023-06-09,GBP,1.256483,ecb
2023-06-10,EUR,1.078000,ecb_carried_forward
2023-06-10,GBP,1.256483,ecb_carried_forward
2023-06-11,EUR,1.078000,ecb_carried_forward
2023-06-11,GBP,1.256483,ecb_carried_forward
2023-06-12,EUR,1.076500,ecb
2023-06-12,GBP,1.256449,ecb
2023-06-13,EUR,1.079300,ecb
2023-06-13,GBP,1.257193,ecb
2023-06-14,EUR,1.080900,ecb
2023-06-14,GBP,1.264876,ecb
2023-06-15,EUR,1.081900,ecb
2023-06-15,GBP,1.264567,ecb
2023-06-16,EUR,1.096600,ecb
2023-06-16,GBP,1.283654,ecb
2023-06-17,EUR,1.096600,ecb_carried_forward
2023-06-17,GBP,1.283654,ecb_carried_forward
2023-06-18,EUR,1.096600,ecb_carried_forward
2023-06-18,GBP,1.283654,ecb_carried_forward
2023-06-19,EUR,1.092200,ecb
2023-06-19,GBP,1.280903,ecb
2023-06-20,EUR,1.093300,ecb
2023-06-20,GBP,1.275655,ecb
2023-06-21,EUR,1.092300,ecb
2023-06-21,GBP,1.272662,ecb
2023-06-22,EUR,1.098500,ecb
2023-06-22,GBP,1.275620,ecb
2023-06-23,EUR,1.088400,ecb
2023-06-23,GBP,1.273295,ecb
2023-06-24,EUR,1.088400,ecb_carried_forward
2023-06-24,GBP,1.273295,ecb_carried_forward
2023-06-25,EUR,1.088400,ecb_carried_forward
2023-06-25,GBP,1.273295,ecb_carried_forward
2023-06-26,EUR,1.091800,ecb
2023-06-26,GBP,1.271338,ecb
2023-06-27,EUR,1.095100,ecb
2023-06-27,GBP,1.273520,ecb
2023-06-28,EUR,1.093800,ecb
2023-06-28,GBP,1.265679,ecb
2023-06-29,EUR,1.093800,ecb
2023-06-29,GBP,1.265972,ecb
2023-06-30,EUR,1.086600,ecb
2023-06-30,GBP,1.266020,ecb
2023-07-01,EUR,1.086600,ecb_carried_forward
2023-07-01,GBP,1.266020,ecb_carried_forward
2023-07-02,EUR,1.086600,ecb_carried_forward
2023-07-02,GBP,1.266020,ecb_carried_forward
2023-07-03,EUR,1.089900,ecb
2023-07-03,GBP,1.267620,ecb
2023-07-04,EUR,1.089500,ecb
2023-07-04,GBP,1.271696,ecb
2023-07-05,EUR,1.087900,ecb
2023-07-05,GBP,1.269650,ecb
2023-07-06,EUR,1.089900,ecb
2023-07-06,GBP,1.277576,ecb
2023-07-07,EUR,1.088800,ecb
2023-07-07,GBP,1.276466,ecb
2023-07-08,EUR,1.088800,ecb_carried_forward
2023-07-08,GBP,1.276466,ecb_carried_forward
2023-07-09,EUR,1.088800,ecb_carried_forward
2023-07-09,GBP,1.276466,ecb_carried_forward
2023-07-10,EUR,1.095600,ecb
2023-07-10,GBP,1.277921,ecb
2023-07-11,EUR,1.098900,ecb
2023-07-11,GBP,1.291153,ecb
2023-07-12,EUR,1.102200,ecb
2023-07-12,GBP,1.290965,ecb
2023-07-13,EUR,1.118200,ecb
2023-07-13,GBP,1.307026,ecb
2023-07-14,EUR,1.122100,ecb
2023-07-14,GBP,1.311018,ecb
2023-07-15,EUR,1.122100,ecb_carried_forward
2023-07-15,GBP,1.311018,ecb_carried_forward
2023-07-16,EUR,1.122100,ecb_carried_forward
2023-07-16,GBP,1.311018,ecb_carried_forward
2023-07-17,EUR,1.123000,ecb
2023-07-17,GBP,1.307745,ecb
2023-07-18,EUR,1.125500,ecb
2023-07-18,GBP,1.311191,ecb
2023-07-19,EUR,1.122200,ecb
2023-07-19,GBP,1.291102,ecb
2023-07-20,EUR,1.119700,ecb
2023-07-20,GBP,1.288196,ecb
2023-07-21,EUR,1.112300,ecb
2023-07-21,GBP,1.282841,ecb
2023-07-22,EUR,1.112300,ecb_carried_forward
2023-07-22,GBP,1.282841,ecb_carried_forward
2023-07-23,EUR,1.112300,ecb_carried_forward
2023-07-23,GBP,1.282841,ecb_carried_forward
2023-07-24,EUR,1.109600,ecb
2023-07-24,GBP,1.285003,ecb
2023-07-25,EUR,1.105100,ecb
2023-07-25,GBP,1.282792,ecb
2023-07-26,EUR,1.105900,ecb
2023-07-26,GBP,1.290507,ecb
2023-07-27,EUR,1.112500,ecb
2023-07-27,GBP,1.295337,ecb
2023-07-28,EUR,1.101000,ecb
2023-07-28,GBP,1.286816,ecb
2023-07-29,EUR,1.101000,ecb_carried_forward
2023-07-29,GBP,1.286816,ecb_carried_forward
2023-07-30,EUR,1.101000,ecb_carried_forward
2023-07-30,GBP,1.286816,ecb_carried_forward
2023-07-31,EUR,1.102300,ecb
2023-07-31,GBP,1.285256,ecb
2023-08-01,EUR,1.097000,ecb
2023-08-01,GBP,1.277587,ecb
2023-08-02,EUR,1.098500,ecb
2023-08-02,GBP,1.276761,ecb
2023-08-03,EUR,1.093200,ecb
2023-08-03,GBP,1.264283,ecb
2023-08-04,EUR,1.094600,ecb
2023-08-04,GBP,1.269941,ecb
2023-08-05,EUR,1.094600,ecb_carried_forward
2023-08-05,GBP,1.269941,ecb_carried_forward
2023-08-06,EUR,1.094600,ecb_carried_forward
2023-08-06,GBP,1.269941,ecb_carried_forward
2023-08-07,EUR,1.098400,ecb
2023-08-07,GBP,1.274793,ecb
2023-08-08,EUR,1.094400,ecb
2023-08-08,GBP,1.270224,ecb
2023-08-09,EUR,1.096800,ecb
2023-08-09,GBP,1.272685,ecb
2023-08-10,EUR,1.101900,ecb
2023-08-10,GBP,1.276633,ecb
2023-08-11,EUR,1.100400,ecb
2023-08-11,GBP,1.273390,ecb
2023-08-12,EUR,1.100400,ecb_carried_forward
2023-08-12,GBP,1.273390,ecb_carried_forward
2023-08-13,EUR,1.100400,ecb_carried_forward
2023-08-13,GBP,1.273390,ecb_carried_forward
2023-08-14,EUR,1.093000,ecb
2023-08-14,GBP,1.267761,ecb
2023-08-15,EUR,1.092600,ecb
2023-08-15,GBP,1.271130,ecb
2023-08-16,EUR,1.091600,ecb
2023-08-16,GBP,1.274564,ecb
2023-08-17,EUR,1.090000,ecb
2023-08-17,GBP,1.276421,ecb
2023-08-18,EUR,1.086700,ecb
2023-08-18,GBP,1.271098,ecb
2023-08-19,EUR,1.086700,ecb_carried_forward
2023-08-19,GBP,1.271098,ecb_carried_forward
2023-08-20,EUR,1.086700,ecb_carried_forward
2023-08-20,GBP,1.271098,ecb_carried_forward
2023-08-21,EUR,1.090800,ecb
2023-08-21,GBP,1.276163,ecb
2023-08-22,EUR,1.088700,ecb
2023-08-22,GBP,1.276498,ecb
2023-08-23,EUR,1.080500,ecb
2023-08-23,GBP,1.261485,ecb
2023-08-24,EUR,1.084000,ecb
2023-08-24,GBP,1.265616,ecb
2023-08-25,EUR,1.080800,ecb
2023-08-25,GBP,1.261983,ecb
2023-08-26,EUR,1.080800,ecb_carried_forward
2023-08-26,GBP,1.261983,ecb_carried_forward
2023-08-27,EUR,1.080800,ecb_carried_forward
2023-08-27,GBP,1.261983,ecb_carried_forward
2023-08-28,EUR,1.080800,ecb
2023-08-28,GBP,1.259453,ecb
2023-08-29,EUR,1.080300,ecb
2023-08-29,GBP,1.258211,ecb
2023-08-30,EUR,1.088600,ecb
2023-08-30,GBP,1.266993,ecb
2023-08-31,EUR,1.086800,ecb
2023-08-31,GBP,1.267878,ecb
2023-09-01,EUR,1.084400,ecb
2023-09-01,GBP,1.267741,ecb
2023-09-02,EUR,1.084400,ecb_carried_forward
2023-09-02,GBP,1.267741,ecb_carried_forward
2023-09-03,EUR,1.084400,ecb_carried_forward
2023-09-03,GBP,1.267741,ecb_carried_forward
2023-09-04,EUR,1.080100,ecb
2023-09-04,GBP,1.262537,ecb
2023-09-05,EUR,1.073100,ecb
2023-09-05,GBP,1.254574,ecb
2023-09-06,EUR,1.074500,ecb
2023-09-06,GBP,1.256681,ecb
2023-09-07,EUR,1.071000,ecb
2023-09-07,GBP,1.246799,ecb
2023-09-08,EUR,1.070400,ecb
2023-09-08,GBP,1.248498,ecb
2023-09-09,EUR,1.070400,ecb_carried_forward
2023-09-09,GBP,1.248498,ecb_carried_forward
2023-09-10,EUR,1.070400,ecb_carried_forward
2023-09-10,GBP,1.248498,ecb_carried_forward
2023-09-11,EUR,1.072400,ecb
2023-09-11,GBP,1.252072,ecb
2023-09-12,EUR,1.071300,ecb
2023-09-12,GBP,1.246785,ecb
2023-09-13,EUR,1.073300,ecb
2023-09-13,GBP,1.246719,ecb
2023-09-14,EUR,1.073000,ecb
2023-09-14,GBP,1.247747,ecb
2023-09-15,EUR,1.065800,ecb
2023-09-15,GBP,1.241063,ecb
2023-09-16,EUR,1.065800,ecb_carried_forward
2023-09-16,GBP,1.241063,ecb_carried_forward
2023-09-17,EUR,1.065800,ecb_carried_forward
2023-09-17,GBP,1.241063,ecb_carried_forward
2023-09-18,EUR,1.066300,ecb
2023-09-18,GBP,1.237854,ecb
2023-09-19,EUR,1.071300,ecb
2023-09-19,GBP,1.241900,ecb
2023-09-20,EUR,1.070200,ecb
2023-09-20,GBP,1.236796,ecb
2023-09-21,EUR,1.063500,ecb
2023-09-21,GBP,1.226460,ecb
2023-09-22,EUR,1.064700,ecb
2023-09-22,GBP,1.226684,ecb
2023-09-23,EUR,1.064700,ecb_carried_forward
2023-09-23,GBP,1.226684,ecb_carried_forward
2023-09-24,EUR,1.064700,ecb_carried_forward
2023-09-24,GBP,1.226684,ecb_carried_forward
2023-09-25,EUR,1.063300,ecb
2023-09-25,GBP,1.222676,ecb
2023-09-26,EUR,1.060500,ecb
2023-09-26,GBP,1.218685,ecb
2023-09-27,EUR,1.053600,ecb
2023-09-27,GBP,1.213685,ecb
2023-09-28,EUR,1.053900,ecb
2023-09-28,GBP,1.220738,ecb
2023-09-29,EUR,1.059400,ecb
2023-09-29,GBP,1.225335,ecb
2023-09-30,EUR,1.059400,ecb_carried_forward
2023-09-30,GBP,1.225335,ecb_carried_forward
2023-10-01,EUR,1.059400,ecb_carried_forward
2023-10-01,GBP,1.225335,ecb_carried_forward
2023-10-02,EUR,1.053000,ecb
2023-10-02,GBP,1.215542,ecb
2023-10-03,EUR,1.046900,ecb
2023-10-03,GBP,1.206453,ecb
2023-10-04,EUR,1.049700,ecb
2023-10-04,GBP,1.212293,ecb
2023-10-05,EUR,1.052600,ecb
2023-10-05,GBP,1.215403,ecb
2023-10-06,EUR,1.056300,ecb
2023-10-06,GBP,1.221015,ecb
2023-10-07,EUR,1.056300,ecb_carried_forward
2023-10-07,GBP,1.221015,ecb_carried_forward
2023-10-08,EUR,1.056300,ecb_carried_forward
2023-10-08,GBP,1.221015,ecb_carried_forward
2023-10-09,EUR,1.053100,ecb
2023-10-09,GBP,1.217175,ecb
2023-10-10,EUR,1.058200,ecb
2023-10-10,GBP,1.224910,ecb
2023-10-11,EUR,1.060400,ecb
2023-10-11,GBP,1.229235,ecb
2023-10-12,EUR,1.061900,ecb
2023-10-12,GBP,1.231046,ecb
2023-10-13,EUR,1.052400,ecb
2023-10-13,GBP,1.217844,ecb
2023-10-14,EUR,1.052400,ecb_carried_forward
2023-10-14,GBP,1.217844,ecb_carried_forward
2023-10-15,EUR,1.052400,ecb_carried_forward
2023-10-15,GBP,1.217844,ecb_carried_forward
2023-10-16,EUR,1.053800,ecb
2023-10-16,GBP,1.217632,ecb
2023-10-17,EUR,1.056900,ecb
2023-10-17,GBP,1.217346,ecb
2023-10-18,EUR,1.056500,ecb
2023-10-18,GBP,1.219836,ecb
2023-10-19,EUR,1.055800,ecb
2023-10-19,GBP,1.212198,ecb
2023-10-20,EUR,1.059100,ecb
2023-10-20,GBP,1.214383,ecb
2023-10-21,EUR,1.059100,ecb_carried_forward
2023-10-21,GBP,1.214383,ecb_carried_forward
2023-10-22,EUR,1.059100,ecb_carried_forward
2023-10-22,GBP,1.214383,ecb_carried_forward
2023-10-23,EUR,1.059700,ecb
2023-10-23,GBP,1.215908,ecb
2023-10-24,EUR,1.063200,ecb
2023-10-24,GBP,1.221718,ecb
2023-10-25,EUR,1.057600,ecb
2023-10-25,GBP,1.212288,ecb
2023-10-26,EUR,1.054000,ecb
2023-10-26,GBP,1.209132,ecb
2023-10-27,EUR,1.054100,ecb
2023-10-27,GBP,1.211289,ecb
2023-10-28,EUR,1.054100,ecb_carried_forward
2023-10-28,GBP,1.211289,ecb_carried_forward
2023-10-29,EUR,1.054100,ecb_carried_forward
2023-10-29,GBP,1.211289,ecb_carried_forward
2023-10-30,EUR,1.060500,ecb
2023-10-30,GBP,1.214151,ecb
2023-10-31,EUR,1.061900,ecb
2023-10-31,GBP,1.215461,ecb
2023-11-01,EUR,1.053700,ecb
2023-11-01,GBP,1.211916,ecb
2023-11-02,EUR,1.066100,ecb
2023-11-02,GBP,1.221121,ecb
2023-11-03,EUR,1.070200,ecb
2023-11-03,GBP,1.230355,ecb
2023-11-04,EUR,1.070200,ecb_carried_forward
2023-11-04,GBP,1.230355,ecb_carried_forward
2023-11-05,EUR,1.070200,ecb_carried_forward
2023-11-05,GBP,1.230355,ecb_carried_forward
2023-11-06,EUR,1.074100,ecb
2023-11-06,GBP,1.239728,ecb
2023-11-07,EUR,1.068600,ecb
2023-11-07,GBP,1.230326,ecb
2023-11-08,EUR,1.067100,ecb
2023-11-08,GBP,1.226340,ecb
2023-11-09,EUR,1.069100,ecb
2023-11-09,GBP,1.225962,ecb
2023-11-10,EUR,1.068300,ecb
2023-11-10,GBP,1.221822,ecb
2023-11-11,EUR,1.068300,ecb_carried_forward
2023-11-11,GBP,1.221822,ecb_carried_forward
2023-11-12,EUR,1.068300,ecb_carried_forward
2023-11-12,GBP,1.221822,ecb_carried_forward
2023-11-13,EUR,1.067000,ecb
2023-11-13,GBP,1.224256,ecb
2023-11-14,EUR,1.072400,ecb
2023-11-14,GBP,1.229394,ecb
2023-11-15,EUR,1.086800,ecb
2023-11-15,GBP,1.246502,ecb
2023-11-16,EUR,1.084900,ecb
2023-11-16,GBP,1.239602,ecb
2023-11-17,EUR,1.087200,ecb
2023-11-17,GBP,1.244007,ecb
2023-11-18,EUR,1.087200,ecb_carried_forward
2023-11-18,GBP,1.244007,ecb_carried_forward
2023-11-19,EUR,1.087200,ecb_carried_forward
2023-11-19,GBP,1.244007,ecb_carried_forward
2023-11-20,EUR,1.092800,ecb
2023-11-20,GBP,1.247062,ecb
2023-11-21,EUR,1.095500,ecb
2023-11-21,GBP,1.254495,ecb
2023-11-22,EUR,1.091100,ecb
2023-11-22,GBP,1.253706,ecb
2023-11-23,EUR,1.090000,ecb
2023-11-23,GBP,1.253738,ecb
2023-11-24,EUR,1.091600,ecb
2023-11-24,GBP,1.257343,ecb
2023-11-25,EUR,1.091600,ecb_carried_forward
2023-11-25,GBP,1.257343,ecb_carried_forward
2023-11-26,EUR,1.091600,ecb_carried_forward
2023-11-26,GBP,1.257343,ecb_carried_forward
2023-11-27,EUR,1.095100,ecb
2023-11-27,GBP,1.263514,ecb
2023-11-28,EUR,1.094900,ecb
2023-11-28,GBP,1.261115,ecb
2023-11-29,EUR,1.098500,ecb
2023-11-29,GBP,1.269575,ecb
2023-11-30,EUR,1.093100,ecb
2023-11-30,GBP,1.265631,ecb
2023-12-01,EUR,1.087500,ecb
2023-12-01,GBP,1.263874,ecb
2023-12-02,EUR,1.087500,ecb_carried_forward
2023-12-02,GBP,1.263874,ecb_carried_forward
2023-12-03,EUR,1.087500,ecb_carried_forward
2023-12-03,GBP,1.263874,ecb_carried_forward
2023-12-04,EUR,1.086800,ecb
2023-12-04,GBP,1.266814,ecb
2023-12-05,EUR,1.081700,ecb
2023-12-05,GBP,1.261855,ecb
2023-12-06,EUR,1.077800,ecb
2023-12-06,GBP,1.258965,ecb
2023-12-07,EUR,1.077100,ecb
2023-12-07,GBP,1.256093,ecb
2023-12-08,EUR,1.077700,ecb
2023-12-08,GBP,1.257673,ecb
2023-12-09,EUR,1.077700,ecb_carried_forward
2023-12-09,GBP,1.257673,ecb_carried_forward
2023-12-10,EUR,1.077700,ecb_carried_forward
2023-12-10,GBP,1.257673,ecb_carried_forward
2023-12-11,EUR,1.075700,ecb
2023-12-11,GBP,1.256953,ecb
2023-12-12,EUR,1.080400,ecb
2023-12-12,GBP,1.257332,ecb
2023-12-13,EUR,1.078700,ecb
2023-12-13,GBP,1.252555,ecb
2023-12-14,EUR,1.091900,ecb
2023-12-14,GBP,1.270316,ecb
2023-12-15,EUR,1.094600,ecb
2023-12-15,GBP,1.275267,ecb
2023-12-16,EUR,1.094600,ecb_carried_forward
2023-12-16,GBP,1.275267,ecb_carried_forward
2023-12-17,EUR,1.094600,ecb_carried_forward
2023-12-17,GBP,1.275267,ecb_carried_forward
2023-12-18,EUR,1.091800,ecb
2023-12-18,GBP,1.265664,ecb
2023-12-19,EUR,1.096200,ecb
2023-12-19,GBP,1.273245,ecb
2023-12-20,EUR,1.094400,ecb
2023-12-20,GBP,1.264398,ecb
2023-12-21,EUR,1.098300,ecb
2023-12-21,GBP,1.265250,ecb
2023-12-22,EUR,1.102300,ecb
2023-12-22,GBP,1.271982,ecb
2023-12-23,EUR,1.102300,ecb_carried_forward
2023-12-23,GBP,1.271982,ecb_carried_forward
2023-12-24,EUR,1.102300,ecb_carried_forward
2023-12-24,GBP,1.271982,ecb_carried_forward
2023-12-25,EUR,1.102300,ecb_carried_forward
2023-12-25,GBP,1.271982,ecb_carried_forward
2023-12-26,EUR,1.102300,ecb_carried_forward
2023-12-26,GBP,1.271982,ecb_carried_forward
2023-12-27,EUR,1.106500,ecb
2023-12-27,GBP,1.274329,ecb
2023-12-28,EUR,1.111400,ecb
2023-12-28,GBP,1.276591,ecb
2023-12-29,EUR,1.105000,ecb
2023-12-29,GBP,1.271503,ecb
2023-12-30,EUR,1.105000,ecb_carried_forward
2023-12-30,GBP,1.271503,ecb_carried_forward
2023-12-31,EUR,1.105000,ecb_carried_forward
2023-12-31,GBP,1.271503,ecb_carried_forward
2024-01-01,EUR,1.105000,ecb_carried_forward
2024-01-01,GBP,1.271503,ecb_carried_forward
2024-01-02,EUR,1.095600,ecb
2024-01-02,GBP,1.264470,ecb
2024-01-03,EUR,1.091900,ecb
2024-01-03,GBP,1.262750,ecb
2024-01-04,EUR,1.095300,ecb
2024-01-04,GBP,1.269501,ecb
2024-01-05,EUR,1.092100,ecb
2024-01-05,GBP,1.266790,ecb
2024-01-06,EUR,1.092100,ecb_carried_forward
2024-01-06,GBP,1.266790,ecb_carried_forward
2024-01-07,EUR,1.092100,ecb_carried_forward
2024-01-07,GBP,1.266790,ecb_carried_forward
2024-01-08,EUR,1.094600,ecb
2024-01-08,GBP,1.270575,ecb
2024-01-09,EUR,1.094000,ecb
2024-01-09,GBP,1.273011,ecb
2024-01-10,EUR,1.094600,ecb
2024-01-10,GBP,1.272450,ecb
2024-01-11,EUR,1.098700,ecb
2024-01-11,GBP,1.275408,ecb
2024-01-12,EUR,1.094200,ecb
2024-01-12,GBP,1.273066,ecb
2024-01-13,EUR,1.094200,ecb_carried_forward
2024-01-13,GBP,1.273066,ecb_carried_forward
2024-01-14,EUR,1.094200,ecb_carried_forward
2024-01-14,GBP,1.273066,ecb_carried_forward
2024-01-15,EUR,1.094500,ecb
2024-01-15,GBP,1.271565,ecb
2024-01-16,EUR,1.088200,ecb
2024-01-16,GBP,1.264202,ecb
2024-01-17,EUR,1.087700,ecb
2024-01-17,GBP,1.267450,ecb
2024-01-18,EUR,1.087500,ecb
2024-01-18,GBP,1.267882,ecb
2024-01-19,EUR,1.088700,ecb
2024-01-19,GBP,1.268512,ecb
2024-01-20,EUR,1.088700,ecb_carried_forward
2024-01-20,GBP,1.268512,ecb_carried_forward
2024-01-21,EUR,1.088700,ecb_carried_forward
2024-01-21,GBP,1.268512,ecb_carried_forward
2024-01-22,EUR,1.089000,ecb
2024-01-22,GBP,1.272568,ecb
2024-01-23,EUR,1.087200,ecb
2024-01-23,GBP,1.271683,ecb
2024-01-24,EUR,1.090500,ecb
2024-01-24,GBP,1.274797,ecb
2024-01-25,EUR,1.089300,ecb
2024-01-25,GBP,1.273469,ecb
2024-01-26,EUR,1.087100,ecb
2024-01-26,GBP,1.273428,ecb
2024-01-27,EUR,1.087100,ecb_carried_forward
2024-01-27,GBP,1.273428,ecb_carried_forward
2024-01-28,EUR,1.087100,ecb_carried_forward
2024-01-28,GBP,1.273428,ecb_carried_forward
2024-01-29,EUR,1.082300,ecb
2024-01-29,GBP,1.269560,ecb
2024-01-30,EUR,1.084600,ecb
2024-01-30,GBP,1.266642,ecb
2024-01-31,EUR,1.083700,ecb
2024-01-31,GBP,1.268450,ecb
2024-02-01,EUR,1.081400,ecb
2024-02-01,GBP,1.266974,ecb
2024-02-02,EUR,1.088300,ecb
2024-02-02,GBP,1.276404,ecb
2024-02-03,EUR,1.088300,ecb_carried_forward
2024-02-03,GBP,1.276404,ecb_carried_forward
2024-02-04,EUR,1.088300,ecb_carried_forward
2024-02-04,GBP,1.276404,ecb_carried_forward
2024-02-05,EUR,1.074600,ecb
2024-02-05,GBP,1.255447,ecb
2024-02-06,EUR,1.074300,ecb
2024-02-06,GBP,1.257079,ecb
2024-02-07,EUR,1.077600,ecb
2024-02-07,GBP,1.263232,ecb
2024-02-08,EUR,1.075800,ecb
2024-02-08,GBP,1.260044,ecb
2024-02-09,EUR,1.077200,ecb
2024-02-09,GBP,1.260768,ecb
2024-02-10,EUR,1.077200,ecb_carried_forward
2024-02-10,GBP,1.260768,ecb_carried_forward
2024-02-11,EUR,1.077200,ecb_carried_forward
2024-02-11,GBP,1.260768,ecb_carried_forward
2024-02-12,EUR,1.077300,ecb
2024-02-12,GBP,1.261608,ecb
2024-02-13,EUR,1.079300,ecb
2024-02-13,GBP,1.268302,ecb
2024-02-14,EUR,1.071300,ecb
2024-02-14,GBP,1.256539,ecb
2024-02-15,EUR,1.074300,ecb
2024-02-15,GBP,1.254510,ecb
2024-02-16,EUR,1.076800,ecb
2024-02-16,GBP,1.257870,ecb
2024-02-17,EUR,1.076800,ecb_carried_forward
2024-02-17,GBP,1.257870,ecb_carried_forward
2024-02-18,EUR,1.076800,ecb_carried_forward
2024-02-18,GBP,1.257870,ecb_carried_forward
2024-02-19,EUR,1.077600,ecb
2024-02-19,GBP,1.261118,ecb
2024-02-20,EUR,1.080200,ecb
2024-02-20,GBP,1.261032,ecb
2024-02-21,EUR,1.080900,ecb
2024-02-21,GBP,1.262453,ecb
2024-02-22,EUR,1.084400,ecb
2024-02-22,GBP,1.266453,ecb
2024-02-23,EUR,1.083400,ecb
2024-02-23,GBP,1.269510,ecb
2024-02-24,EUR,1.083400,ecb_carried_forward
2024-02-24,GBP,1.269510,ecb_carried_forward
2024-02-25,EUR,1.083400,ecb_carried_forward
2024-02-25,GBP,1.269510,ecb_carried_forward
2024-02-26,EUR,1.085200,ecb
2024-02-26,GBP,1.269314,ecb
2024-02-27,EUR,1.085600,ecb
2024-02-27,GBP,1.267928,ecb
2024-02-28,EUR,1.080800,ecb
2024-02-28,GBP,1.263384,ecb
2024-02-29,EUR,1.082600,ecb
2024-02-29,GBP,1.263908,ecb
2024-03-01,EUR,1.081300,ecb
2024-03-01,GBP,1.263378,ecb
2024-03-02,EUR,1.081300,ecb_carried_forward
2024-03-02,GBP,1.263378,ecb_carried_forward
2024-03-03,EUR,1.081300,ecb_carried_forward
2024-03-03,GBP,1.263378,ecb_carried_forward
2024-03-04,EUR,1.084600,ecb
2024-03-04,GBP,1.267308,ecb
2024-03-05,EUR,1.084900,ecb
2024-03-05,GBP,1.268251,ecb
2024-03-06,EUR,1.087400,ecb
2024-03-06,GBP,1.271843,ecb
2024-03-07,EUR,1.089500,ecb
2024-03-07,GBP,1.275089,ecb
2024-03-08,EUR,1.093200,ecb
2024-03-08,GBP,1.283581,ecb
2024-03-09,EUR,1.093200,ecb_carried_forward
2024-03-09,GBP,1.283581,ecb_carried_forward
2024-03-10,EUR,1.093200,ecb_carried_forward
2024-03-10,GBP,1.283581,ecb_carried_forward
2024-03-11,EUR,1.092600,ecb
2024-03-11,GBP,1.282274,ecb
2024-03-12,EUR,1.091600,ecb
2024-03-12,GBP,1.277353,ecb
2024-03-13,EUR,1.093900,ecb
2024-03-13,GBP,1.280149,ecb
2024-03-14,EUR,1.092500,ecb
2024-03-14,GBP,1.278974,ecb
2024-03-15,EUR,1.089200,ecb
2024-03-15,GBP,1.275261,ecb
2024-03-16,EUR,1.089200,ecb_carried_forward
2024-03-16,GBP,1.275261,ecb_carried_forward
2024-03-17,EUR,1.089200,ecb_carried_forward
2024-03-17,GBP,1.275261,ecb_carried_forward
2024-03-18,EUR,1.089200,ecb
2024-03-18,GBP,1.273546,ecb
2024-03-19,EUR,1.085400,ecb
2024-03-19,GBP,1.270291,ecb
2024-03-20,EUR,1.084400,ecb
2024-03-20,GBP,1.269224,ecb
2024-03-21,EUR,1.090700,ecb
2024-03-21,GBP,1.273022,ecb
2024-03-22,EUR,1.082300,ecb
2024-03-22,GBP,1.261495,ecb
2024-03-23,EUR,1.082300,ecb_carried_forward
2024-03-23,GBP,1.261495,ecb_carried_forward
2024-03-24,EUR,1.082300,ecb_carried_forward
2024-03-24,GBP,1.261495,ecb_carried_forward
2024-03-25,EUR,1.083500,ecb
2024-03-25,GBP,1.264324,ecb
2024-03-26,EUR,1.085500,ecb
2024-03-26,GBP,1.264474,ecb
2024-03-27,EUR,1.081600,ecb
2024-03-27,GBP,1.261076,ecb
2024-03-28,EUR,1.081100,ecb
2024-03-28,GBP,1.264297,ecb
2024-03-29,EUR,1.081100,ecb_carried_forward
2024-03-29,GBP,1.264297,ecb_carried_forward
2024-03-30,EUR,1.081100,ecb_carried_forward
2024-03-30,GBP,1.264297,ecb_carried_forward
2024-03-31,EUR,1.081100,ecb_carried_forward
2024-03-31,GBP,1.264297,ecb_carried_forward
2024-04-01,EUR,1.081100,ecb_carried_forward
2024-04-01,GBP,1.264297,ecb_carried_forward
2024-04-02,EUR,1.074900,ecb
2024-04-02,GBP,1.257046,ecb
2024-04-03,EUR,1.078300,ecb
2024-04-03,GBP,1.258036,ecb
2024-04-04,EUR,1.085200,ecb
2024-04-04,GBP,1.264979,ecb
2024-04-05,EUR,1.084100,ecb
2024-04-05,GBP,1.263918,ecb
2024-04-06,EUR,1.084100,ecb_carried_forward
2024-04-06,GBP,1.263918,ecb_carried_forward
2024-04-07,EUR,1.084100,ecb_carried_forward
2024-04-07,GBP,1.263918,ecb_carried_forward
2024-04-08,EUR,1.082300,ecb
2024-04-08,GBP,1.261495,ecb
2024-04-09,EUR,1.086700,ecb
2024-04-09,GBP,1.268576,ecb
2024-04-10,EUR,1.086000,ecb
2024-04-10,GBP,1.269953,ecb
2024-04-11,EUR,1.072900,ecb
2024-04-11,GBP,1.254487,ecb
2024-04-12,EUR,1.065200,ecb
2024-04-12,GBP,1.246956,ecb
2024-04-13,EUR,1.065200,ecb_carried_forward
2024-04-13,GBP,1.246956,ecb_carried_forward
2024-04-14,EUR,1.065200,ecb_carried_forward
2024-04-14,GBP,1.246956,ecb_carried_forward
2024-04-15,EUR,1.065600,ecb
2024-04-15,GBP,1.247702,ecb
2024-04-16,EUR,1.063700,ecb
2024-04-16,GBP,1.244967,ecb
2024-04-17,EUR,1.063800,ecb
2024-04-17,GBP,1.245667,ecb
2024-04-18,EUR,1.067900,ecb
2024-04-18,GBP,1.247139,ecb
2024-04-19,EUR,1.065300,ecb
2024-04-19,GBP,1.244219,ecb
2024-04-20,EUR,1.065300,ecb_carried_forward
2024-04-20,GBP,1.244219,ecb_carried_forward
2024-04-21,EUR,1.065300,ecb_carried_forward
2024-04-21,GBP,1.244219,ecb_carried_forward
2024-04-22,EUR,1.063200,ecb
2024-04-22,GBP,1.231582,ecb
2024-04-23,EUR,1.067400,ecb
2024-04-23,GBP,1.240442,ecb
2024-04-24,EUR,1.068600,ecb
2024-04-24,GBP,1.243353,ecb
2024-04-25,EUR,1.072000,ecb
2024-04-25,GBP,1.251240,ecb
2024-04-26,EUR,1.071400,ecb
2024-04-26,GBP,1.251007,ecb
2024-04-27,EUR,1.071400,ecb_carried_forward
2024-04-27,GBP,1.251007,ecb_carried_forward
2024-04-28,EUR,1.071400,ecb_carried_forward
2024-04-28,GBP,1.251007,ecb_carried_forward
2024-04-29,EUR,1.072000,ecb
2024-04-29,GBP,1.253904,ecb
2024-04-30,EUR,1.071800,ecb
2024-04-30,GBP,1.253890,ecb
2024-05-01,EUR,1.071800,ecb_carried_forward
2024-05-01,GBP,1.253890,ecb_carried_forward
2024-05-02,EUR,1.069800,ecb
2024-05-02,GBP,1.250672,ecb
2024-05-03,EUR,1.074400,ecb
2024-05-03,GBP,1.255536,ecb
2024-05-04,EUR,1.074400,ecb_carried_forward
2024-05-04,GBP,1.255536,ecb_carried_forward
2024-05-05,EUR,1.074400,ecb_carried_forward
2024-05-05,GBP,1.255536,ecb_carried_forward
2024-05-06,EUR,1.077600,ecb
2024-05-06,GBP,1.257997,ecb
2024-05-07,EUR,1.076600,ecb
2024-05-07,GBP,1.254705,ecb
2024-05-08,EUR,1.074300,ecb
2024-05-08,GBP,1.247982,ecb
2024-05-09,EUR,1.073200,ecb
2024-05-09,GBP,1.247980,ecb
2024-05-10,EUR,1.077900,ecb
2024-05-10,GBP,1.252571,ecb
2024-05-11,EUR,1.077900,ecb_carried_forward
2024-05-11,GBP,1.252571,ecb_carried_forward
2024-05-12,EUR,1.077900,ecb_carried_forward
2024-05-12,GBP,1.252571,ecb_carried_forward
2024-05-13,EUR,1.079500,ecb
2024-05-13,GBP,1.254897,ecb
2024-05-14,EUR,1.079600,ecb
2024-05-14,GBP,1.255597,ecb
2024-05-15,EUR,1.083200,ecb
2024-05-15,GBP,1.261883,ecb
2024-05-16,EUR,1.086600,ecb
2024-05-16,GBP,1.265696,ecb
2024-05-17,EUR,1.084400,ecb
2024-05-17,GBP,1.265566,ecb
2024-05-18,EUR,1.084400,ecb_carried_forward
2024-05-18,GBP,1.265566,ecb_carried_forward
2024-05-19,EUR,1.084400,ecb_carried_forward
2024-05-19,GBP,1.265566,ecb_carried_forward
2024-05-20,EUR,1.086100,ecb
2024-05-20,GBP,1.269580,ecb
2024-05-21,EUR,1.086400,ecb
2024-05-21,GBP,1.271536,ecb
2024-05-22,EUR,1.083000,ecb
2024-05-22,GBP,1.271649,ecb
2024-05-23,EUR,1.085400,ecb
2024-05-23,GBP,1.274318,ecb
2024-05-24,EUR,1.084000,ecb
2024-05-24,GBP,1.271689,ecb
2024-05-25,EUR,1.084000,ecb_carried_forward
2024-05-25,GBP,1.271689,ecb_carried_forward
2024-05-26,EUR,1.084000,ecb_carried_forward
2024-05-26,GBP,1.271689,ecb_carried_forward
2024-05-27,EUR,1.084300,ecb
2024-05-27,GBP,1.274597,ecb
2024-05-28,EUR,1.088200,ecb
2024-05-28,GBP,1.279031,ecb
2024-05-29,EUR,1.085700,ecb
2024-05-29,GBP,1.275344,ecb
2024-05-30,EUR,1.081500,ecb
2024-05-30,GBP,1.270783,ecb
2024-05-31,EUR,1.085200,ecb
2024-05-31,GBP,1.271247,ecb
2024-06-01,EUR,1.085200,ecb_carried_forward
2024-06-01,GBP,1.271247,ecb_carried_forward
2024-06-02,EUR,1.085200,ecb_carried_forward
2024-06-02,GBP,1.271247,ecb_carried_forward
2024-06-03,EUR,1.084200,ecb
2024-06-03,GBP,1.272909,ecb
2024-06-04,EUR,1.086500,ecb
2024-06-04,GBP,1.276088,ecb
2024-06-05,EUR,1.087200,ecb
2024-06-05,GBP,1.278337,ecb
2024-06-06,EUR,1.086500,ecb
2024-06-06,GBP,1.276913,ecb
2024-06-07,EUR,1.089800,ecb
2024-06-07,GBP,1.280310,ecb
2024-06-08,EUR,1.089800,ecb_carried_forward
2024-06-08,GBP,1.280310,ecb_carried_forward
2024-06-09,EUR,1.089800,ecb_carried_forward
2024-06-09,GBP,1.280310,ecb_carried_forward
2024-06-10,EUR,1.075600,ecb
2024-06-10,GBP,1.271921,ecb
2024-06-11,EUR,1.073000,ecb
2024-06-11,GBP,1.274377,ecb
2024-06-12,EUR,1.076500,ecb
2024-06-12,GBP,1.276003,ecb
2024-06-13,EUR,1.078400,ecb
2024-06-13,GBP,1.276697,ecb
2024-06-14,EUR,1.068600,ecb
2024-06-14,GBP,1.269046,ecb
2024-06-15,EUR,1.068600,ecb_carried_forward
2024-06-15,GBP,1.269046,ecb_carried_forward
2024-06-16,EUR,1.068600,ecb_carried_forward
2024-06-16,GBP,1.269046,ecb_carried_forward
2024-06-17,EUR,1.071200,ecb
2024-06-17,GBP,1.266598,ecb
2024-06-18,EUR,1.071500,ecb
2024-06-18,GBP,1.267447,ecb
2024-06-19,EUR,1.074900,ecb
2024-06-19,GBP,1.272749,ecb
2024-06-20,EUR,1.071900,ecb
2024-06-20,GBP,1.268326,ecb
2024-06-21,EUR,1.068800,ecb
2024-06-21,GBP,1.264388,ecb
2024-06-22,EUR,1.068800,ecb_carried_forward
2024-06-22,GBP,1.264388,ecb_carried_forward
2024-06-23,EUR,1.068800,ecb_carried_forward
2024-06-23,GBP,1.264388,ecb_carried_forward
2024-06-24,EUR,1.073000,ecb
2024-06-24,GBP,1.266376,ecb
2024-06-25,EUR,1.071400,ecb
2024-06-25,GBP,1.268454,ecb
2024-06-26,EUR,1.068900,ecb
2024-06-26,GBP,1.265674,ecb
2024-06-27,EUR,1.069600,ecb
2024-06-27,GBP,1.264452,ecb
2024-06-28,EUR,1.070500,ecb
2024-06-28,GBP,1.264798,ecb
2024-06-29,EUR,1.070500,ecb_carried_forward
2024-06-29,GBP,1.264798,ecb_carried_forward
2024-06-30,EUR,1.070500,ecb_carried_forward
2024-06-30,GBP,1.264798,ecb_carried_forward
2024-07-01,EUR,1.074500,ecb
2024-07-01,GBP,1.267248,ecb
2024-07-02,EUR,1.072900,ecb
2024-07-02,GBP,1.265884,ecb
2024-07-03,EUR,1.075800,ecb
2024-07-03,GBP,1.270430,ecb
2024-07-04,EUR,1.080000,ecb
2024-07-04,GBP,1.275646,ecb
2024-07-05,EUR,1.082400,ecb
2024-07-05,GBP,1.279236,ecb
2024-07-06,EUR,1.082400,ecb_carried_forward
2024-07-06,GBP,1.279236,ecb_carried_forward
2024-07-07,EUR,1.082400,ecb_carried_forward
2024-07-07,GBP,1.279236,ecb_carried_forward
2024-07-08,EUR,1.083500,ecb
2024-07-08,GBP,1.283616,ecb
2024-07-09,EUR,1.081400,ecb
2024-07-09,GBP,1.279900,ecb
2024-07-10,EUR,1.082500,ecb
2024-07-10,GBP,1.280792,ecb
2024-07-11,EUR,1.085500,ecb
2024-07-11,GBP,1.287587,ecb
2024-07-12,EUR,1.089000,ecb
2024-07-12,GBP,1.295981,ecb
2024-07-13,EUR,1.089000,ecb_carried_forward
2024-07-13,GBP,1.295981,ecb_carried_forward
2024-07-14,EUR,1.089000,ecb_carried_forward
2024-07-14,GBP,1.295981,ecb_carried_forward
2024-07-15,EUR,1.090700,ecb
2024-07-15,GBP,1.297757,ecb
2024-07-16,EUR,1.090200,ecb
2024-07-16,GBP,1.296962,ecb
2024-07-17,EUR,1.093400,ecb
2024-07-17,GBP,1.302985,ecb
2024-07-18,EUR,1.093000,ecb
2024-07-18,GBP,1.298485,ecb
2024-07-19,EUR,1.089000,ecb
2024-07-19,GBP,1.292121,ecb
2024-07-20,EUR,1.089000,ecb_carried_forward
2024-07-20,GBP,1.292121,ecb_carried_forward
2024-07-21,EUR,1.089000,ecb_carried_forward
2024-07-21,GBP,1.292121,ecb_carried_forward
2024-07-22,EUR,1.088800,ecb
2024-07-22,GBP,1.292881,ecb
2024-07-23,EUR,1.086000,ecb
2024-07-23,GBP,1.291735,ecb
2024-07-24,EUR,1.084800,ecb
2024-07-24,GBP,1.291844,ecb
2024-07-25,EUR,1.085100,ecb
2024-07-25,GBP,1.287494,ecb
2024-07-26,EUR,1.086000,ecb
2024-07-26,GBP,1.287065,ecb
2024-07-27,EUR,1.086000,ecb_carried_forward
2024-07-27,GBP,1.287065,ecb_carried_forward
2024-07-28,EUR,1.086000,ecb_carried_forward
2024-07-28,GBP,1.287065,ecb_carried_forward
2024-07-29,EUR,1.081700,ecb
2024-07-29,GBP,1.282471,ecb
2024-07-30,EUR,1.082400,ecb
2024-07-30,GBP,1.284595,ecb
2024-07-31,EUR,1.082800,ecb
2024-07-31,GBP,1.283242,ecb
2024-08-01,EUR,1.078900,ecb
2024-08-01,GBP,1.279409,ecb
2024-08-02,EUR,1.083500,ecb
2024-08-02,GBP,1.274706,ecb
2024-08-03,EUR,1.083500,ecb_carried_forward
2024-08-03,GBP,1.274706,ecb_carried_forward
2024-08-04,EUR,1.083500,ecb_carried_forward
2024-08-04,GBP,1.274706,ecb_carried_forward
2024-08-05,EUR,1.096600,ecb
2024-08-05,GBP,1.276928,ecb
2024-08-06,EUR,1.091500,ecb
2024-08-06,GBP,1.269216,ecb
2024-08-07,EUR,1.092200,ecb
2024-08-07,GBP,1.272842,ecb
2024-08-08,EUR,1.093000,ecb
2024-08-08,GBP,1.269557,ecb
2024-08-09,EUR,1.091700,ecb
2024-08-09,GBP,1.273743,ecb
2024-08-10,EUR,1.091700,ecb_carried_forward
2024-08-10,GBP,1.273743,ecb_carried_forward
2024-08-11,EUR,1.091700,ecb_carried_forward
2024-08-11,GBP,1.273743,ecb_carried_forward
2024-08-12,EUR,1.092500,ecb
2024-08-12,GBP,1.276971,ecb
2024-08-13,EUR,1.093100,ecb
2024-08-13,GBP,1.279108,ecb
2024-08-14,EUR,1.101900,ecb
2024-08-14,GBP,1.284520,ecb
2024-08-15,EUR,1.101100,ecb
2024-08-15,GBP,1.286106,ecb
2024-08-16,EUR,1.099400,ecb
2024-08-16,GBP,1.291467,ecb
2024-08-17,EUR,1.099400,ecb_carried_forward
2024-08-17,GBP,1.291467,ecb_carried_forward
2024-08-18,EUR,1.099400,ecb_carried_forward
2024-08-18,GBP,1.291467,ecb_carried_forward
2024-08-19,EUR,1.104100,ecb
2024-08-19,GBP,1.295238,ecb
2024-08-20,EUR,1.108400,ecb
2024-08-20,GBP,1.301031,ecb
2024-08-21,EUR,1.111600,ecb
2024-08-21,GBP,1.303119,ecb
2024-08-22,EUR,1.113500,ecb
2024-08-22,GBP,1.310879,ecb
2024-08-23,EUR,1.112100,ecb
2024-08-23,GBP,1.312476,ecb
2024-08-24,EUR,1.112100,ecb_carried_forward
2024-08-24,GBP,1.312476,ecb_carried_forward
2024-08-25,EUR,1.112100,ecb_carried_forward
2024-08-25,GBP,1.312476,ecb_carried_forward
2024-08-26,EUR,1.116300,ecb
2024-08-26,GBP,1.318802,ecb
2024-08-27,EUR,1.116200,ecb
2024-08-27,GBP,1.321917,ecb
2024-08-28,EUR,1.111700,ecb
2024-08-28,GBP,1.320889,ecb
2024-08-29,EUR,1.108800,ecb
2024-08-29,GBP,1.317256,ecb
2024-08-30,EUR,1.108700,ecb
2024-08-30,GBP,1.317998,ecb
2024-08-31,EUR,1.108700,ecb_carried_forward
2024-08-31,GBP,1.317998,ecb_carried_forward
2024-09-01,EUR,1.108700,ecb_carried_forward
2024-09-01,GBP,1.317998,ecb_carried_forward
2024-09-02,EUR,1.106100,ecb
2024-09-02,GBP,1.313377,ecb
2024-09-03,EUR,1.103500,ecb
2024-09-03,GBP,1.312362,ecb
2024-09-04,EUR,1.105000,ecb
2024-09-04,GBP,1.311604,ecb
2024-09-05,EUR,1.109700,ecb
2024-09-05,GBP,1.316089,ecb
2024-09-06,EUR,1.110300,ecb
2024-09-06,GBP,1.317191,ecb
2024-09-07,EUR,1.110300,ecb_carried_forward
2024-09-07,GBP,1.317191,ecb_carried_forward
2024-09-08,EUR,1.110300,ecb_carried_forward
2024-09-08,GBP,1.317191,ecb_carried_forward
2024-09-09,EUR,1.104300,ecb
2024-09-09,GBP,1.308955,ecb
2024-09-10,EUR,1.103100,ecb
2024-09-10,GBP,1.309084,ecb
2024-09-11,EUR,1.104300,ecb
2024-09-11,GBP,1.308800,ecb
2024-09-12,EUR,1.101600,ecb
2024-09-12,GBP,1.304286,ecb
2024-09-13,EUR,1.108100,ecb
2024-09-13,GBP,1.311749,ecb
2024-09-14,EUR,1.108100,ecb_carried_forward
2024-09-14,GBP,1.311749,ecb_carried_forward
2024-09-15,EUR,1.108100,ecb_carried_forward
2024-09-15,GBP,1.311749,ecb_carried_forward
2024-09-16,EUR,1.112600,ecb
2024-09-16,GBP,1.320155,ecb
2024-09-17,EUR,1.113900,ecb
2024-09-17,GBP,1.321697,ecb
2024-09-18,EUR,1.112400,ecb
2024-09-18,GBP,1.320748,ecb
2024-09-19,EUR,1.115600,ecb
2024-09-19,GBP,1.328839,ecb
2024-09-20,EUR,1.116600,ecb
2024-09-20,GBP,1.330711,ecb
2024-09-21,EUR,1.116600,ecb_carried_forward
2024-09-21,GBP,1.330711,ecb_carried_forward
2024-09-22,EUR,1.116600,ecb_carried_forward
2024-09-22,GBP,1.330711,ecb_carried_forward
2024-09-23,EUR,1.111900,ecb
2024-09-23,GBP,1.331330,ecb
2024-09-24,EUR,1.113300,ecb
2024-09-24,GBP,1.337779,ecb
2024-09-25,EUR,1.119400,ecb
2024-09-25,GBP,1.338147,ecb
2024-09-26,EUR,1.115500,ecb
2024-09-26,GBP,1.337081,ecb
2024-09-27,EUR,1.115800,ecb
2024-09-27,GBP,1.338885,ecb
2024-09-28,EUR,1.115800,ecb_carried_forward
2024-09-28,GBP,1.338885,ecb_carried_forward
2024-09-29,EUR,1.115800,ecb_carried_forward
2024-09-29,GBP,1.338885,ecb_carried_forward
2024-09-30,EUR,1.119600,ecb
2024-09-30,GBP,1.340148,ecb
2024-10-01,EUR,1.108600,ecb
2024-10-01,GBP,1.332564,ecb
2024-10-02,EUR,1.107100,ecb
2024-10-02,GBP,1.329243,ecb
2024-10-03,EUR,1.103900,ecb
2024-10-03,GBP,1.310143,ecb
2024-10-04,EUR,1.102900,ecb
2024-10-04,GBP,1.317131,ecb
2024-10-05,EUR,1.102900,ecb_carried_forward
2024-10-05,GBP,1.317131,ecb_carried_forward
2024-10-06,EUR,1.102900,ecb_carried_forward
2024-10-06,GBP,1.317131,ecb_carried_forward
2024-10-07,EUR,1.098200,ecb
2024-10-07,GBP,1.308658,ecb
2024-10-08,EUR,1.098200,ecb
2024-10-08,GBP,1.310845,ecb
2024-10-09,EUR,1.095700,ecb
2024-10-09,GBP,1.308455,ecb
2024-10-10,EUR,1.093200,ecb
2024-10-10,GBP,1.306312,ecb
2024-10-11,EUR,1.093800,ecb
2024-10-11,GBP,1.306732,ecb
2024-10-12,EUR,1.093800,ecb_carried_forward
2024-10-12,GBP,1.306732,ecb_carried_forward
2024-10-13,EUR,1.093800,ecb_carried_forward
2024-10-13,GBP,1.306732,ecb_carried_forward
2024-10-14,EUR,1.091500,ecb
2024-10-14,GBP,1.304608,ecb
2024-10-15,EUR,1.090300,ecb
2024-10-15,GBP,1.308020,ecb
2024-10-16,EUR,1.089700,ecb
2024-10-16,GBP,1.303391,ecb
2024-10-17,EUR,1.086600,ecb
2024-10-17,GBP,1.302019,ecb
2024-10-18,EUR,1.084700,ecb
2024-10-18,GBP,1.304275,ecb
2024-10-19,EUR,1.084700,ecb_carried_forward
2024-10-19,GBP,1.304275,ecb_carried_forward
2024-10-20,EUR,1.084700,ecb_carried_forward
2024-10-20,GBP,1.304275,ecb_carried_forward
2024-10-21,EUR,1.085300,ecb
2024-10-21,GBP,1.302647,ecb
2024-10-22,EUR,1.082100,ecb
2024-10-22,GBP,1.298416,ecb
2024-10-23,EUR,1.076700,ecb
2024-10-23,GBP,1.294920,ecb
2024-10-24,EUR,1.080100,ecb
2024-10-24,GBP,1.298041,ecb
2024-10-25,EUR,1.082500,ecb
2024-10-25,GBP,1.298616,ecb
2024-10-26,EUR,1.082500,ecb_carried_forward
2024-10-26,GBP,1.298616,ecb_carried_forward
2024-10-27,EUR,1.082500,ecb_carried_forward
2024-10-27,GBP,1.298616,ecb_carried_forward
2024-10-28,EUR,1.081800,ecb
2024-10-28,GBP,1.298835,ecb
2024-10-29,EUR,1.077400,ecb
2024-10-29,GBP,1.297760,ecb
2024-10-30,EUR,1.081500,ecb
2024-10-30,GBP,1.296374,ecb
2024-10-31,EUR,1.088200,ecb
2024-10-31,GBP,1.299297,ecb
2024-11-01,EUR,1.088500,ecb
2024-11-01,GBP,1.295864,ecb
2024-11-02,EUR,1.088500,ecb_carried_forward
2024-11-02,GBP,1.295864,ecb_carried_forward
2024-11-03,EUR,1.088500,ecb_carried_forward
2024-11-03,GBP,1.295864,ecb_carried_forward
2024-11-04,EUR,1.090400,ecb
2024-11-04,GBP,1.297122,ecb
2024-11-05,EUR,1.089700,ecb
2024-11-05,GBP,1.298499,ecb
2024-11-06,EUR,1.069500,ecb
2024-11-06,GBP,1.285101,ecb
2024-11-07,EUR,1.078500,ecb
2024-11-07,GBP,1.296508,ecb
2024-11-08,EUR,1.077200,ecb
2024-11-08,GBP,1.294898,ecb
2024-11-09,EUR,1.077200,ecb_carried_forward
2024-11-09,GBP,1.294898,ecb_carried_forward
2024-11-10,EUR,1.077200,ecb_carried_forward
2024-11-10,GBP,1.294898,ecb_carried_forward
2024-11-11,EUR,1.065100,ecb
2024-11-11,GBP,1.288220,ecb
2024-11-12,EUR,1.061700,ecb
2024-11-12,GBP,1.281705,ecb
2024-11-13,EUR,1.062900,ecb
2024-11-13,GBP,1.274262,ecb
2024-11-14,EUR,1.053300,ecb
2024-11-14,GBP,1.266625,ecb
2024-11-15,EUR,1.058300,ecb
2024-11-15,GBP,1.268109,ecb
2024-11-16,EUR,1.058300,ecb_carried_forward
2024-11-16,GBP,1.268109,ecb_carried_forward
2024-11-17,EUR,1.058300,ecb_carried_forward
2024-11-17,GBP,1.268109,ecb_carried_forward
2024-11-18,EUR,1.055200,ecb
2024-11-18,GBP,1.262805,ecb
2024-11-19,EUR,1.057800,ecb
2024-11-19,GBP,1.264736,ecb
2024-11-20,EUR,1.056200,ecb
2024-11-20,GBP,1.266731,ecb
2024-11-21,EUR,1.052600,ecb
2024-11-21,GBP,1.264035,ecb
2024-11-22,EUR,1.041200,ecb
2024-11-22,GBP,1.251367,ecb
2024-11-23,EUR,1.041200,ecb_carried_forward
2024-11-23,GBP,1.251367,ecb_carried_forward
2024-11-24,EUR,1.041200,ecb_carried_forward
2024-11-24,GBP,1.251367,ecb_carried_forward
2024-11-25,EUR,1.049500,ecb
2024-11-25,GBP,1.257413,ecb
2024-11-26,EUR,1.052200,ecb
2024-11-26,GBP,1.260422,ecb
2024-11-27,EUR,1.053100,ecb
2024-11-27,GBP,1.262710,ecb
2024-11-28,EUR,1.054200,ecb
2024-11-28,GBP,1.266611,ecb
2024-11-29,EUR,1.056200,ecb
2024-11-29,GBP,1.269395,ecb
2024-11-30,EUR,1.056200,ecb_carried_forward
2024-11-30,GBP,1.269395,ecb_carried_forward
2024-12-01,EUR,1.056200,ecb_carried_forward
2024-12-01,GBP,1.269395,ecb_carried_forward
2024-12-02,EUR,1.050700,ecb
2024-12-02,GBP,1.267461,ecb
2024-12-03,EUR,1.051200,ecb
2024-12-03,GBP,1.264632,ecb
2024-12-04,EUR,1.049200,ecb
2024-12-04,GBP,1.266691,ecb
2024-12-05,EUR,1.054000,ecb
2024-12-05,GBP,1.272947,ecb
2024-12-06,EUR,1.058100,ecb
2024-12-06,GBP,1.277050,ecb
2024-12-07,EUR,1.058100,ecb_carried_forward
2024-12-07,GBP,1.277050,ecb_carried_forward
2024-12-08,EUR,1.058100,ecb_carried_forward
2024-12-08,GBP,1.277050,ecb_carried_forward
2024-12-09,EUR,1.056800,ecb
2024-12-09,GBP,1.276251,ecb
2024-12-10,EUR,1.052700,ecb
2024-12-10,GBP,1.275150,ecb
2024-12-11,EUR,1.050700,ecb
2024-12-11,GBP,1.274224,ecb
2024-12-12,EUR,1.049100,ecb
2024-12-12,GBP,1.272747,ecb
2024-12-13,EUR,1.051800,ecb
2024-12-13,GBP,1.266573,ecb
2024-12-14,EUR,1.051800,ecb_carried_forward
2024-12-14,GBP,1.266573,ecb_carried_forward
2024-12-15,EUR,1.051800,ecb_carried_forward
2024-12-15,GBP,1.266573,ecb_carried_forward
2024-12-16,EUR,1.049800,ecb
2024-12-16,GBP,1.265658,ecb
2024-12-17,EUR,1.049700,ecb
2024-12-17,GBP,1.270085,ecb
2024-12-18,EUR,1.049600,ecb
2024-12-18,GBP,1.271934,ecb
2024-12-19,EUR,1.039500,ecb
2024-12-19,GBP,1.260841,ecb
2024-12-20,EUR,1.039000,ecb
2024-12-20,GBP,1.252335,ecb
2024-12-21,EUR,1.039000,ecb_carried_forward
2024-12-21,GBP,1.252335,ecb_carried_forward
2024-12-22,EUR,1.039000,ecb_carried_forward
2024-12-22,GBP,1.252335,ecb_carried_forward
2024-12-23,EUR,1.039300,ecb
2024-12-23,GBP,1.252244,ecb
2024-12-24,EUR,1.039500,ecb
2024-12-24,GBP,1.255359,ecb
2024-12-25,EUR,1.039500,ecb_carried_forward
2024-12-25,GBP,1.255359,ecb_carried_forward
2024-12-26,EUR,1.039500,ecb_carried_forward
2024-12-26,GBP,1.255359,ecb_carried_forward
2024-12-27,EUR,1.043500,ecb
2024-12-27,GBP,1.255746,ecb
2024-12-28,EUR,1.043500,ecb_carried_forward
2024-12-28,GBP,1.255746,ecb_carried_forward
2024-12-29,EUR,1.043500,ecb_carried_forward
2024-12-29,GBP,1.255746,ecb_carried_forward
2024-12-30,EUR,1.044400,ecb
2024-12-30,GBP,1.259072,ecb
2024-12-31,EUR,1.038900,ecb
2024-12-31,GBP,1.252925,ecb
2025-01-01,EUR,1.038900,ecb_carried_forward
2025-01-01,GBP,1.252925,ecb_carried_forward
2025-01-02,EUR,1.032100,ecb
2025-01-02,GBP,1.241729,ecb
2025-01-03,EUR,1.029900,ecb
2025-01-03,GBP,1.240948,ecb
2025-01-04,EUR,1.029900,ecb_carried_forward
2025-01-04,GBP,1.240948,ecb_carried_forward
2025-01-05,EUR,1.029900,ecb_carried_forward
2025-01-05,GBP,1.240948,ecb_carried_forward
2025-01-06,EUR,1.042600,ecb
2025-01-06,GBP,1.254663,ecb
2025-01-07,EUR,1.039300,ecb
2025-01-07,GBP,1.253452,ecb
2025-01-08,EUR,1.028600,ecb
2025-01-08,GBP,1.233289,ecb
2025-01-09,EUR,1.030500,ecb
2025-01-09,GBP,1.229596,ecb
2025-01-10,EUR,1.030400,ecb
2025-01-10,GBP,1.231166,ecb
2025-01-11,EUR,1.030400,ecb_carried_forward
2025-01-11,GBP,1.231166,ecb_carried_forward
2025-01-12,EUR,1.030400,ecb_carried_forward
2025-01-12,GBP,1.231166,ecb_carried_forward
2025-01-13,EUR,1.019800,ecb
2025-01-13,GBP,1.211740,ecb
2025-01-14,EUR,1.024500,ecb
2025-01-14,GBP,1.215476,ecb
2025-01-15,EUR,1.030000,ecb
2025-01-15,GBP,1.221638,ecb
2025-01-16,EUR,1.027200,ecb
2025-01-16,GBP,1.219113,ecb
2025-01-17,EUR,1.029800,ecb
2025-01-17,GBP,1.219376,ecb
2025-01-18,EUR,1.029800,ecb_carried_forward
2025-01-18,GBP,1.219376,ecb_carried_forward
2025-01-19,EUR,1.029800,ecb_carried_forward
2025-01-19,GBP,1.219376,ecb_carried_forward
2025-01-20,EUR,1.031600,ecb
2025-01-20,GBP,1.219558,ecb
2025-01-21,EUR,1.035700,ecb
2025-01-21,GBP,1.224912,ecb
2025-01-22,EUR,1.044300,ecb
2025-01-22,GBP,1.236355,ecb
2025-01-23,EUR,1.040400,ecb
2025-01-23,GBP,1.231709,ecb
2025-01-24,EUR,1.047200,ecb
2025-01-24,GBP,1.240567,ecb
2025-01-25,EUR,1.047200,ecb_carried_forward
2025-01-25,GBP,1.240567,ecb_carried_forward
2025-01-26,EUR,1.047200,ecb_carried_forward
2025-01-26,GBP,1.240567,ecb_carried_forward
2025-01-27,EUR,1.053000,ecb
2025-01-27,GBP,1.251992,ecb
2025-01-28,EUR,1.042100,ecb
2025-01-28,GBP,1.242548,ecb
2025-01-29,EUR,1.039600,ecb
2025-01-29,GBP,1.241714,ecb
2025-01-30,EUR,1.040300,ecb
2025-01-30,GBP,1.243114,ecb
2025-01-31,EUR,1.039300,ecb
2025-01-31,GBP,1.243063,ecb
2025-02-01,EUR,1.039300,ecb_carried_forward
2025-02-01,GBP,1.243063,ecb_carried_forward
2025-02-02,EUR,1.039300,ecb_carried_forward
2025-02-02,GBP,1.243063,ecb_carried_forward
2025-02-03,EUR,1.027400,ecb
2025-02-03,GBP,1.235806,ecb
2025-02-04,EUR,1.033500,ecb
2025-02-04,GBP,1.242367,ecb
2025-02-05,EUR,1.042200,ecb
2025-02-05,GBP,1.254378,ecb
2025-02-06,EUR,1.036000,ecb
2025-02-06,GBP,1.237931,ecb
2025-02-07,EUR,1.037700,ecb
2025-02-07,GBP,1.244946,ecb
2025-02-08,EUR,1.037700,ecb_carried_forward
2025-02-08,GBP,1.244946,ecb_carried_forward
2025-02-09,EUR,1.037700,ecb_carried_forward
2025-02-09,GBP,1.244946,ecb_carried_forward
2025-02-10,EUR,1.032000,ecb
2025-02-10,GBP,1.239148,ecb
2025-02-11,EUR,1.032400,ecb
2025-02-11,GBP,1.238558,ecb
2025-02-12,EUR,1.037000,ecb
2025-02-12,GBP,1.244330,ecb
2025-02-13,EUR,1.039000,ecb
2025-02-13,GBP,1.247104,ecb
2025-02-14,EUR,1.047800,ecb
2025-02-14,GBP,1.259148,ecb
2025-02-15,EUR,1.047800,ecb_carried_forward
2025-02-15,GBP,1.259148,ecb_carried_forward
2025-02-16,EUR,1.047800,ecb_carried_forward
2025-02-16,GBP,1.259148,ecb_carried_forward
2025-02-17,EUR,1.047300,ecb
2025-02-17,GBP,1.259789,ecb
2025-02-18,EUR,1.044700,ecb
2025-02-18,GBP,1.258296,ecb
2025-02-19,EUR,1.043400,ecb
2025-02-19,GBP,1.259567,ecb
2025-02-20,EUR,1.044300,ecb
2025-02-20,GBP,1.260882,ecb
2025-02-21,EUR,1.046500,ecb
2025-02-21,GBP,1.264500,ecb
2025-02-22,EUR,1.046500,ecb_carried_forward
2025-02-22,GBP,1.264500,ecb_carried_forward
2025-02-23,EUR,1.046500,ecb_carried_forward
2025-02-23,GBP,1.264500,ecb_carried_forward
2025-02-24,EUR,1.046600,ecb
2025-02-24,GBP,1.263552,ecb
2025-02-25,EUR,1.049700,ecb
2025-02-25,GBP,1.266102,ecb
2025-02-26,EUR,1.048700,ecb
2025-02-26,GBP,1.265507,ecb
2025-02-27,EUR,1.047700,ecb
2025-02-27,GBP,1.267282,ecb
2025-02-28,EUR,1.041100,ecb
2025-02-28,GBP,1.260290,ecb
2025-03-01,EUR,1.041100,ecb_carried_forward
2025-03-01,GBP,1.260290,ecb_carried_forward
2025-03-02,EUR,1.041100,ecb_carried_forward
2025-03-02,GBP,1.260290,ecb_carried_forward
2025-03-03,EUR,1.046500,ecb
2025-03-03,GBP,1.268024,ecb
2025-03-04,EUR,1.055700,ecb
2025-03-04,GBP,1.275185,ecb
2025-03-05,EUR,1.069400,ecb
2025-03-05,GBP,1.280719,ecb
2025-03-06,EUR,1.079600,ecb
2025-03-06,GBP,1.288459,ecb
2025-03-07,EUR,1.085700,ecb
2025-03-07,GBP,1.291147,ecb
2025-03-08,EUR,1.085700,ecb_carried_forward
2025-03-08,GBP,1.291147,ecb_carried_forward
2025-03-09,EUR,1.085700,ecb_carried_forward
2025-03-09,GBP,1.291147,ecb_carried_forward
2025-03-10,EUR,1.084500,ecb
2025-03-10,GBP,1.293396,ecb
2025-03-11,EUR,1.091200,ecb
2025-03-11,GBP,1.293289,ecb
2025-03-12,EUR,1.088600,ecb
2025-03-12,GBP,1.294750,ecb
2025-03-13,EUR,1.083000,ecb
2025-03-13,GBP,1.292702,ecb
2025-03-14,EUR,1.088900,ecb
2025-03-14,GBP,1.293492,ecb
2025-03-15,EUR,1.088900,ecb_carried_forward
2025-03-15,GBP,1.293492,ecb_carried_forward
2025-03-16,EUR,1.088900,ecb_carried_forward
2025-03-16,GBP,1.293492,ecb_carried_forward
2025-03-17,EUR,1.090300,ecb
2025-03-17,GBP,1.297575,ecb
2025-03-18,EUR,1.091800,ecb
2025-03-18,GBP,1.297091,ecb
2025-03-19,EUR,1.089700,ecb
2025-03-19,GBP,1.296058,ecb
2025-03-20,EUR,1.083300,ecb
2025-03-20,GBP,1.294420,ecb
2025-03-21,EUR,1.082700,ecb
2025-03-21,GBP,1.292545,ecb
2025-03-22,EUR,1.082700,ecb_carried_forward
2025-03-22,GBP,1.292545,ecb_carried_forward
2025-03-23,EUR,1.082700,ecb_carried_forward
2025-03-23,GBP,1.292545,ecb_carried_forward
2025-03-24,EUR,1.082400,ecb
2025-03-24,GBP,1.293762,ecb
2025-03-25,EUR,1.082500,ecb
2025-03-25,GBP,1.295399,ecb
2025-03-26,EUR,1.078800,ecb
2025-03-26,GBP,1.290076,ecb
2025-03-27,EUR,1.078500,ecb
2025-03-27,GBP,1.294438,ecb
2025-03-28,EUR,1.079700,ecb
2025-03-28,GBP,1.295257,ecb
2025-03-29,EUR,1.079700,ecb_carried_forward
2025-03-29,GBP,1.295257,ecb_carried_forward
2025-03-30,EUR,1.079700,ecb_carried_forward
2025-03-30,GBP,1.295257,ecb_carried_forward
2025-03-31,EUR,1.081500,ecb
2025-03-31,GBP,1.294651,ecb
2025-04-01,EUR,1.078800,ecb
2025-04-01,GBP,1.289428,ecb
2025-04-02,EUR,1.080300,ecb
2025-04-02,GBP,1.294470,ecb
2025-04-03,EUR,1.109700,ecb
2025-04-03,GBP,1.318513,ecb
2025-04-04,EUR,1.105700,ecb
2025-04-04,GBP,1.301053,ecb
2025-04-05,EUR,1.105700,ecb_carried_forward
2025-04-05,GBP,1.301053,ecb_carried_forward
2025-04-06,EUR,1.105700,ecb_carried_forward
2025-04-06,GBP,1.301053,ecb_carried_forward
2025-04-07,EUR,1.096700,ecb
2025-04-07,GBP,1.281371,ecb
2025-04-08,EUR,1.095000,ecb
2025-04-08,GBP,1.278548,ecb
2025-04-09,EUR,1.104500,ecb
2025-04-09,GBP,1.277839,ecb
2025-04-10,EUR,1.108200,ecb
2025-04-10,GBP,1.292286,ecb
2025-04-11,EUR,1.134600,ecb
2025-04-11,GBP,1.308983,ecb
2025-04-12,EUR,1.134600,ecb_carried_forward
2025-04-12,GBP,1.308983,ecb_carried_forward
2025-04-13,EUR,1.134600,ecb_carried_forward
2025-04-13,GBP,1.308983,ecb_carried_forward
2025-04-14,EUR,1.137700,ecb
2025-04-14,GBP,1.317042,ecb
2025-04-15,EUR,1.132400,ecb
2025-04-15,GBP,1.323361,ecb
2025-04-16,EUR,1.135500,ecb
2025-04-16,GBP,1.326240,ecb
2025-04-17,EUR,1.136000,ecb
2025-04-17,GBP,1.322884,ecb
2025-04-18,EUR,1.136000,ecb_carried_forward
2025-04-18,GBP,1.322884,ecb_carried_forward
2025-04-19,EUR,1.136000,ecb_carried_forward
2025-04-19,GBP,1.322884,ecb_carried_forward
2025-04-20,EUR,1.136000,ecb_carried_forward
2025-04-20,GBP,1.322884,ecb_carried_forward
2025-04-21,EUR,1.136000,ecb_carried_forward
2025-04-21,GBP,1.322884,ecb_carried_forward
2025-04-22,EUR,1.147600,ecb
2025-04-22,GBP,1.336626,ecb
2025-04-23,EUR,1.141500,ecb
2025-04-23,GBP,1.330528,ecb
2025-04-24,EUR,1.137600,ecb
2025-04-24,GBP,1.330526,ecb
2025-04-25,EUR,1.135700,ecb
2025-04-25,GBP,1.331262,ecb
2025-04-26,EUR,1.135700,ecb_carried_forward
2025-04-26,GBP,1.331262,ecb_carried_forward
2025-04-27,EUR,1.135700,ecb_carried_forward
2025-04-27,GBP,1.331262,ecb_carried_forward
2025-04-28,EUR,1.135800,ecb
2025-04-28,GBP,1.334038,ecb
2025-04-29,EUR,1.137300,ecb
2025-04-29,GBP,1.338315,ecb
2025-04-30,EUR,1.137300,ecb
2025-04-30,GBP,1.335173,ecb
2025-05-01,EUR,1.137300,ecb_carried_forward
2025-05-01,GBP,1.335173,ecb_carried_forward
2025-05-02,EUR,1.134300,ecb
2025-05-02,GBP,1.329310,ecb
2025-05-03,EUR,1.134300,ecb_carried_forward
2025-05-03,GBP,1.329310,ecb_carried_forward
2025-05-04,EUR,1.134300,ecb_carried_forward
2025-05-04,GBP,1.329310,ecb_carried_forward
2025-05-05,EUR,1.134300,ecb
2025-05-05,GBP,1.332120,ecb
2025-05-06,EUR,1.132500,ecb
2025-05-06,GBP,1.337230,ecb
2025-05-07,EUR,1.136000,ecb
2025-05-07,GBP,1.334743,ecb
2025-05-08,EUR,1.129700,ecb
2025-05-08,GBP,1.332822,ecb
2025-05-09,EUR,1.125200,ecb
2025-05-09,GBP,1.327356,ecb
2025-05-10,EUR,1.125200,ecb_carried_forward
2025-05-10,GBP,1.327356,ecb_carried_forward
2025-05-11,EUR,1.125200,ecb_carried_forward
2025-05-11,GBP,1.327356,ecb_carried_forward
2025-05-12,EUR,1.110600,ecb
2025-05-12,GBP,1.317594,ecb
2025-05-13,EUR,1.111200,ecb
2025-05-13,GBP,1.321913,ecb
2025-05-14,EUR,1.121400,ecb
2025-05-14,GBP,1.332620,ecb
2025-05-15,EUR,1.118500,ecb
2025-05-15,GBP,1.327754,ecb
2025-05-16,EUR,1.119400,ecb
2025-05-16,GBP,1.328349,ecb
2025-05-17,EUR,1.119400,ecb_carried_forward
2025-05-17,GBP,1.328349,ecb_carried_forward
2025-05-18,EUR,1.119400,ecb_carried_forward
2025-05-18,GBP,1.328349,ecb_carried_forward
2025-05-19,EUR,1.126200,ecb
2025-05-19,GBP,1.337689,ecb
2025-05-20,EUR,1.124100,ecb
2025-05-20,GBP,1.335353,ecb
2025-05-21,EUR,1.132100,ecb
2025-05-21,GBP,1.340398,ecb
2025-05-22,EUR,1.130900,ecb
2025-05-22,GBP,1.341996,ecb
2025-05-23,EUR,1.130100,ecb
2025-05-23,GBP,1.348246,ecb
2025-05-24,EUR,1.130100,ecb_carried_forward
2025-05-24,GBP,1.348246,ecb_carried_forward
2025-05-25,EUR,1.130100,ecb_carried_forward
2025-05-25,GBP,1.348246,ecb_carried_forward
2025-05-26,EUR,1.138100,ecb
2025-05-26,GBP,1.356173,ecb
2025-05-27,EUR,1.135600,ecb
2025-05-27,GBP,1.354970,ecb
2025-05-28,EUR,1.131700,ecb
2025-05-28,GBP,1.347583,ecb
2025-05-29,EUR,1.128100,ecb
2025-05-29,GBP,1.346663,ecb
2025-05-30,EUR,1.133900,ecb
2025-05-30,GBP,1.347955,ecb
2025-05-31,EUR,1.133900,ecb_carried_forward
2025-05-31,GBP,1.347955,ecb_carried_forward
2025-06-01,EUR,1.133900,ecb_carried_forward
2025-06-01,GBP,1.347955,ecb_carried_forward
2025-06-02,EUR,1.141900,ecb
2025-06-02,GBP,1.353925,ecb
2025-06-03,EUR,1.138600,ecb
2025-06-03,GBP,1.349692,ecb
2025-06-04,EUR,1.138400,ecb
2025-06-04,GBP,1.351858,ecb
2025-06-05,EUR,1.142300,ecb
2025-06-05,GBP,1.356812,ecb
2025-06-06,EUR,1.141100,ecb
2025-06-06,GBP,1.354261,ecb
2025-06-07,EUR,1.141100,ecb_carried_forward
2025-06-07,GBP,1.354261,ecb_carried_forward
2025-06-08,EUR,1.141100,ecb_carried_forward
2025-06-08,GBP,1.354261,ecb_carried_forward
2025-06-09,EUR,1.141000,ecb
2025-06-09,GBP,1.354463,ecb
2025-06-10,EUR,1.142900,ecb
2025-06-10,GBP,1.350307,ecb
2025-06-11,EUR,1.143300,ecb
2025-06-11,GBP,1.348867,ecb
2025-06-12,EUR,1.159400,ecb
2025-06-12,GBP,1.357929,ecb
2025-06-13,EUR,1.151200,ecb
2025-06-13,GBP,1.353557,ecb
2025-06-14,EUR,1.151200,ecb_carried_forward
2025-06-14,GBP,1.353557,ecb_carried_forward
2025-06-15,EUR,1.151200,ecb_carried_forward
2025-06-15,GBP,1.353557,ecb_carried_forward
2025-06-16,EUR,1.157400,ecb
2025-06-16,GBP,1.357973,ecb
2025-06-17,EUR,1.156800,ecb
2025-06-17,GBP,1.356950,ecb
2025-06-18,EUR,1.150800,ecb
2025-06-18,GBP,1.345650,ecb
2025-06-19,EUR,1.147800,ecb
2025-06-19,GBP,1.343871,ecb
2025-06-20,EUR,1.151500,ecb
2025-06-20,GBP,1.348834,ecb
2025-06-21,EUR,1.151500,ecb_carried_forward
2025-06-21,GBP,1.348834,ecb_carried_forward
2025-06-22,EUR,1.151500,ecb_carried_forward
2025-06-22,GBP,1.348834,ecb_carried_forward
2025-06-23,EUR,1.147200,ecb
2025-06-23,GBP,1.339092,ecb
2025-06-24,EUR,1.160700,ecb
2025-06-24,GBP,1.361206,ecb
2025-06-25,EUR,1.159800,ecb
2025-06-25,GBP,1.360310,ecb
2025-06-26,EUR,1.169500,ecb
2025-06-26,GBP,1.370240,ecb
2025-06-27,EUR,1.170400,ecb
2025-06-27,GBP,1.372259,ecb
2025-06-28,EUR,1.170400,ecb_carried_forward
2025-06-28,GBP,1.372259,ecb_carried_forward
2025-06-29,EUR,1.170400,ecb_carried_forward
2025-06-29,GBP,1.372259,ecb_carried_forward
2025-06-30,EUR,1.172000,ecb
2025-06-30,GBP,1.369959,ecb
2025-07-01,EUR,1.181000,ecb
2025-07-01,GBP,1.375175,ecb
2025-07-02,EUR,1.175500,ecb
2025-07-02,GBP,1.366066,ecb
2025-07-03,EUR,1.178200,ecb
2025-07-03,GBP,1.365396,ecb
2025-07-04,EUR,1.176700,ecb
2025-07-04,GBP,1.364290,ecb
2025-07-05,EUR,1.176700,ecb_carried_forward
2025-07-05,GBP,1.364290,ecb_carried_forward
2025-07-06,EUR,1.176700,ecb_carried_forward
2025-07-06,GBP,1.364290,ecb_carried_forward
2025-07-07,EUR,1.172800,ecb
2025-07-07,GBP,1.361979,ecb
2025-07-08,EUR,1.171800,ecb
2025-07-08,GBP,1.357507,ecb
2025-07-09,EUR,1.169800,ecb
2025-07-09,GBP,1.358179,ecb
2025-07-10,EUR,1.170900,ecb
2025-07-10,GBP,1.357250,ecb
2025-07-11,EUR,1.168300,ecb
2025-07-11,GBP,1.349544,ecb
2025-07-12,EUR,1.168300,ecb_carried_forward
2025-07-12,GBP,1.349544,ecb_carried_forward
2025-07-13,EUR,1.168300,ecb_carried_forward
2025-07-13,GBP,1.349544,ecb_carried_forward
2025-07-14,EUR,1.169000,ecb
2025-07-14,GBP,1.348794,ecb
2025-07-15,EUR,1.166500,ecb
2025-07-15,GBP,1.344049,ecb
2025-07-16,EUR,1.160200,ecb
2025-07-16,GBP,1.339878,ecb
2025-07-17,EUR,1.157900,ecb
2025-07-17,GBP,1.339542,ecb
2025-07-18,EUR,1.165000,ecb
2025-07-18,GBP,1.345887,ecb
2025-07-19,EUR,1.165000,ecb_carried_forward
2025-07-19,GBP,1.345887,ecb_carried_forward
2025-07-20,EUR,1.165000,ecb_carried_forward
2025-07-20,GBP,1.345887,ecb_carried_forward
2025-07-21,EUR,1.166700,ecb
2025-07-21,GBP,1.347851,ecb
2025-07-22,EUR,1.169900,ecb
2025-07-22,GBP,1.348588,ecb
2025-07-23,EUR,1.172600,ecb
2025-07-23,GBP,1.353260,ecb
2025-07-24,EUR,1.175600,ecb
2025-07-24,GBP,1.355159,ecb
2025-07-25,EUR,1.172400,ecb
2025-07-25,GBP,1.345267,ecb
2025-07-26,EUR,1.172400,ecb_carried_forward
2025-07-26,GBP,1.345267,ecb_carried_forward
2025-07-27,EUR,1.172400,ecb_carried_forward
2025-07-27,GBP,1.345267,ecb_carried_forward
2025-07-28,EUR,1.165400,ecb
2025-07-28,GBP,1.342781,ecb
2025-07-29,EUR,1.153300,ecb
2025-07-29,GBP,1.333295,ecb
2025-07-30,EUR,1.152700,ecb
2025-07-30,GBP,1.336929,ecb
2025-07-31,EUR,1.144600,ecb
2025-07-31,GBP,1.323390,ecb
2025-08-01,EUR,1.140400,ecb
2025-08-01,GBP,1.316099,ecb
2025-08-02,EUR,1.140400,ecb_carried_forward
2025-08-02,GBP,1.316099,ecb_carried_forward
2025-08-03,EUR,1.140400,ecb_carried_forward
2025-08-03,GBP,1.316099,ecb_carried_forward
2025-08-04,EUR,1.156500,ecb
2025-08-04,GBP,1.328699,ecb
2025-08-05,EUR,1.154600,ecb
2025-08-05,GBP,1.328195,ecb
2025-08-06,EUR,1.160400,ecb
2025-08-06,GBP,1.331192,ecb
2025-08-07,EUR,1.164300,ecb
2025-08-07,GBP,1.342442,ecb
2025-08-08,EUR,1.164800,ecb
2025-08-08,GBP,1.343328,ecb
2025-08-09,EUR,1.164800,ecb_carried_forward
2025-08-09,GBP,1.343328,ecb_carried_forward
2025-08-10,EUR,1.164800,ecb_carried_forward
2025-08-10,GBP,1.343328,ecb_carried_forward
2025-08-11,EUR,1.162200,ecb
2025-08-11,GBP,1.342652,ecb
2025-08-12,EUR,1.160600,ecb
2025-08-12,GBP,1.346248,ecb
2025-08-13,EUR,1.171100,ecb
2025-08-13,GBP,1.356853,ecb
2025-08-14,EUR,1.169000,ecb
2025-08-14,GBP,1.357724,ecb
2025-08-15,EUR,1.168800,ecb
2025-08-15,GBP,1.355602,ecb
2025-08-16,EUR,1.168800,ecb_carried_forward
2025-08-16,GBP,1.355602,ecb_carried_forward
2025-08-17,EUR,1.168800,ecb_carried_forward
2025-08-17,GBP,1.355602,ecb_carried_forward
2025-08-18,EUR,1.167300,ecb
2025-08-18,GBP,1.354019,ecb
2025-08-19,EUR,1.168200,ecb
2025-08-19,GBP,1.352083,ecb
2025-08-20,EUR,1.165100,ecb
2025-08-20,GBP,1.347715,ecb
2025-08-21,EUR,1.163900,ecb
2025-08-21,GBP,1.344927,ecb
2025-08-22,EUR,1.160800,ecb
2025-08-22,GBP,1.341500,ecb
2025-08-23,EUR,1.160800,ecb_carried_forward
2025-08-23,GBP,1.341500,ecb_carried_forward
2025-08-24,EUR,1.160800,ecb_carried_forward
2025-08-24,GBP,1.341500,ecb_carried_forward
2025-08-25,EUR,1.169700,ecb
2025-08-25,GBP,1.350849,ecb
2025-08-26,EUR,1.165600,ecb
2025-08-26,GBP,1.348762,ecb
2025-08-27,EUR,1.159300,ecb
2025-08-27,GBP,1.343960,ecb
2025-08-28,EUR,1.167600,ecb
2025-08-28,GBP,1.351858,ecb
2025-08-29,EUR,1.165800,ecb
2025-08-29,GBP,1.344947,ecb
2025-08-30,EUR,1.165800,ecb_carried_forward
2025-08-30,GBP,1.344947,ecb_carried_forward
2025-08-31,EUR,1.165800,ecb_carried_forward
2025-08-31,GBP,1.344947,ecb_carried_forward
2025-09-01,EUR,1.171500,ecb
2025-09-01,GBP,1.352459,ecb
2025-09-02,EUR,1.164600,ecb
2025-09-02,GBP,1.338313,ecb
2025-09-03,EUR,1.165300,ecb
2025-09-03,GBP,1.341430,ecb
2025-09-04,EUR,1.164700,ecb
2025-09-04,GBP,1.344453,ecb
2025-09-05,EUR,1.169700,ecb
2025-09-05,GBP,1.347891,ecb
2025-09-06,EUR,1.169700,ecb_carried_forward
2025-09-06,GBP,1.347891,ecb_carried_forward
2025-09-07,EUR,1.169700,ecb_carried_forward
2025-09-07,GBP,1.347891,ecb_carried_forward
2025-09-08,EUR,1.172800,ecb
2025-09-08,GBP,1.352867,ecb
2025-09-09,EUR,1.174400,ecb
2025-09-09,GBP,1.355650,ecb
2025-09-10,EUR,1.170700,ecb
2025-09-10,GBP,1.353410,ecb
2025-09-11,EUR,1.168500,ecb
2025-09-11,GBP,1.351336,ecb
2025-09-12,EUR,1.171800,ecb
2025-09-12,GBP,1.354212,ecb
2025-09-13,EUR,1.171800,ecb_carried_forward
2025-09-13,GBP,1.354212,ecb_carried_forward
2025-09-14,EUR,1.171800,ecb_carried_forward
2025-09-14,GBP,1.354212,ecb_carried_forward
2025-09-15,EUR,1.176600,ecb
2025-09-15,GBP,1.361648,ecb
2025-09-16,EUR,1.180700,ecb
2025-09-16,GBP,1.364025,ecb
2025-09-17,EUR,1.183700,ecb
2025-09-17,GBP,1.364496,ecb
2025-09-18,EUR,1.181800,ecb
2025-09-18,GBP,1.361521,ecb
2025-09-19,EUR,1.173600,ecb
2025-09-19,GBP,1.347726,ecb
2025-09-20,EUR,1.173600,ecb_carried_forward
2025-09-20,GBP,1.347726,ecb_carried_forward
2025-09-21,EUR,1.173600,ecb_carried_forward
2025-09-21,GBP,1.347726,ecb_carried_forward
2025-09-22,EUR,1.178100,ecb
2025-09-22,GBP,1.349639,ecb
2025-09-23,EUR,1.179300,ecb
2025-09-23,GBP,1.351014,ecb
2025-09-24,EUR,1.175600,ecb
2025-09-24,GBP,1.346467,ecb
2025-09-25,EUR,1.173900,ecb
2025-09-25,GBP,1.341907,ecb
2025-09-26,EUR,1.167200,ecb
2025-09-26,GBP,1.335469,ecb
2025-09-27,EUR,1.167200,ecb_carried_forward
2025-09-27,GBP,1.335469,ecb_carried_forward
2025-09-28,EUR,1.167200,ecb_carried_forward
2025-09-28,GBP,1.335469,ecb_carried_forward
2025-09-29,EUR,1.172300,ecb
2025-09-29,GBP,1.343918,ecb
2025-09-30,EUR,1.174100,ecb
2025-09-30,GBP,1.344287,ecb
2025-10-01,EUR,1.172400,ecb
2025-10-01,GBP,1.346967,ecb
2025-10-02,EUR,1.175400,ecb
2025-10-02,GBP,1.347781,ecb
2025-10-03,EUR,1.173400,ecb
2025-10-03,GBP,1.344717,ecb
2025-10-04,EUR,1.173400,ecb_carried_forward
2025-10-04,GBP,1.344717,ecb_carried_forward
2025-10-05,EUR,1.173400,ecb_carried_forward
2025-10-05,GBP,1.344717,ecb_carried_forward
2025-10-06,EUR,1.167800,ecb
2025-10-06,GBP,1.343071,ecb
2025-10-07,EUR,1.166600,ecb
2025-10-07,GBP,1.340457,ecb
2025-10-08,EUR,1.162700,ecb
2025-10-08,GBP,1.340906,ecb
2025-10-09,EUR,1.161100,ecb
2025-10-09,GBP,1.337211,ecb
2025-10-10,EUR,1.156800,ecb
2025-10-10,GBP,1.328281,ecb
2025-10-11,EUR,1.156800,ecb_carried_forward
2025-10-11,GBP,1.328281,ecb_carried_forward
2025-10-12,EUR,1.156800,ecb_carried_forward
2025-10-12,GBP,1.328281,ecb_carried_forward
2025-10-13,EUR,1.156900,ecb
2025-10-13,GBP,1.333295,ecb
2025-10-14,EUR,1.155300,ecb
2025-10-14,GBP,1.326102,ecb
2025-10-15,EUR,1.162200,ecb
2025-10-15,GBP,1.335095,ecb
2025-10-16,EUR,1.164900,ecb
2025-10-16,GBP,1.342669,ecb
2025-10-17,EUR,1.168100,ecb
2025-10-17,GBP,1.343416,ecb
2025-10-18,EUR,1.168100,ecb_carried_forward
2025-10-18,GBP,1.343416,ecb_carried_forward
2025-10-19,EUR,1.168100,ecb_carried_forward
2025-10-19,GBP,1.343416,ecb_carried_forward
2025-10-20,EUR,1.165500,ecb
2025-10-20,GBP,1.341042,ecb
2025-10-21,EUR,1.160700,ecb
2025-10-21,GBP,1.337520,ecb
2025-10-22,EUR,1.158700,ecb
2025-10-22,GBP,1.333525,ecb
2025-10-23,EUR,1.159300,ecb
2025-10-23,GBP,1.333909,ecb
2025-10-24,EUR,1.161200,ecb
2025-10-24,GBP,1.330736,ecb
2025-10-25,EUR,1.161200,ecb_carried_forward
2025-10-25,GBP,1.330736,ecb_carried_forward
2025-10-26,EUR,1.161200,ecb_carried_forward
2025-10-26,GBP,1.330736,ecb_carried_forward
2025-10-27,EUR,1.164000,ecb
2025-10-27,GBP,1.334709,ecb
2025-10-28,EUR,1.163000,ecb
2025-10-28,GBP,1.327626,ecb
2025-10-29,EUR,1.163600,ecb
2025-10-29,GBP,1.321222,ecb
2025-10-30,EUR,1.155000,ecb
2025-10-30,GBP,1.312351,ecb
2025-10-31,EUR,1.155400,ecb
2025-10-31,GBP,1.310572,ecb
2025-11-01,EUR,1.155400,ecb_carried_forward
2025-11-01,GBP,1.310572,ecb_carried_forward
2025-11-02,EUR,1.155400,ecb_carried_forward
2025-11-02,GBP,1.310572,ecb_carried_forward
2025-11-03,EUR,1.151400,ecb
2025-11-03,GBP,1.313634,ecb
2025-11-04,EUR,1.149100,ecb
2025-11-04,GBP,1.306538,ecb
2025-11-05,EUR,1.149200,ecb
2025-11-05,GBP,1.304427,ecb
2025-11-06,EUR,1.153300,ecb
2025-11-06,GBP,1.309527,ecb
2025-11-07,EUR,1.156100,ecb
2025-11-07,GBP,1.312110,ecb
2025-11-08,EUR,1.156100,ecb_carried_forward
2025-11-08,GBP,1.312110,ecb_carried_forward
2025-11-09,EUR,1.156100,ecb_carried_forward
2025-11-09,GBP,1.312110,ecb_carried_forward
2025-11-10,EUR,1.157100,ecb
2025-11-10,GBP,1.318182,ecb
2025-11-11,EUR,1.157500,ecb
2025-11-11,GBP,1.314743,ecb
2025-11-12,EUR,1.157600,ecb
2025-11-12,GBP,1.312025,ecb
2025-11-13,EUR,1.161900,ecb
2025-11-13,GBP,1.317496,ecb
2025-11-14,EUR,1.164800,ecb
2025-11-14,GBP,1.316753,ecb
2025-11-15,EUR,1.164800,ecb_carried_forward
2025-11-15,GBP,1.316753,ecb_carried_forward
2025-11-16,EUR,1.164800,ecb_carried_forward
2025-11-16,GBP,1.316753,ecb_carried_forward
2025-11-17,EUR,1.159300,ecb
2025-11-17,GBP,1.318135,ecb
2025-11-18,EUR,1.159000,ecb
2025-11-18,GBP,1.313910,ecb
2025-11-19,EUR,1.158300,ecb
2025-11-19,GBP,1.312224,ecb
2025-11-20,EUR,1.151400,ecb
2025-11-20,GBP,1.306183,ecb
2025-11-21,EUR,1.152000,ecb
2025-11-21,GBP,1.308645,ecb
2025-11-22,EUR,1.152000,ecb_carried_forward
2025-11-22,GBP,1.308645,ecb_carried_forward
2025-11-23,EUR,1.152000,ecb_carried_forward
2025-11-23,GBP,1.308645,ecb_carried_forward
2025-11-24,EUR,1.154400,ecb
2025-11-24,GBP,1.311222,ecb
2025-11-25,EUR,1.155100,ecb
2025-11-25,GBP,1.314406,ecb
2025-11-26,EUR,1.157700,ecb
2025-11-26,GBP,1.319166,ecb
2025-11-27,EUR,1.158600,ecb
2025-11-27,GBP,1.323509,ecb
2025-11-28,EUR,1.156600,ecb
2025-11-28,GBP,1.321527,ecb
2025-11-29,EUR,1.156600,ecb_carried_forward
2025-11-29,GBP,1.321527,ecb_carried_forward
2025-11-30,EUR,1.156600,ecb_carried_forward
2025-11-30,GBP,1.321527,ecb_carried_forward
2025-12-01,EUR,1.164600,ecb
2025-12-01,GBP,1.326726,ecb
2025-12-02,EUR,1.161400,ecb
2025-12-02,GBP,1.320373,ecb
2025-12-03,EUR,1.166800,ecb
2025-12-03,GBP,1.331052,ecb
2025-12-04,EUR,1.166600,ecb
2025-12-04,GBP,1.334019,ecb
2025-12-05,EUR,1.164500,ecb
2025-12-05,GBP,1.334365,ecb
2025-12-06,EUR,1.164500,ecb_carried_forward
2025-12-06,GBP,1.334365,ecb_carried_forward
2025-12-07,EUR,1.164500,ecb_carried_forward
2025-12-07,GBP,1.334365,ecb_carried_forward
2025-12-08,EUR,1.165500,ecb
2025-12-08,GBP,1.332609,ecb
2025-12-09,EUR,1.163700,ecb
2025-12-09,GBP,1.332227,ecb
2025-12-10,EUR,1.163400,ecb
2025-12-10,GBP,1.330969,ecb
2025-12-11,EUR,1.171400,ecb
2025-12-11,GBP,1.338590,ecb
2025-12-12,EUR,1.173100,ecb
2025-12-12,GBP,1.338086,ecb
2025-12-13,EUR,1.173100,ecb_carried_forward
2025-12-13,GBP,1.338086,ecb_carried_forward
2025-12-14,EUR,1.173100,ecb_carried_forward
2025-12-14,GBP,1.338086,ecb_carried_forward
2025-12-15,EUR,1.175300,ecb
2025-12-15,GBP,1.338763,ecb
2025-12-16,EUR,1.177600,ecb
2025-12-16,GBP,1.343679,ecb
2025-12-17,EUR,1.172200,ecb
2025-12-17,GBP,1.334320,ecb
2025-12-18,EUR,1.171900,ecb
2025-12-18,GBP,1.339927,ecb
2025-12-19,EUR,1.171200,ecb
2025-12-19,GBP,1.336986,ecb
2025-12-20,EUR,1.171200,ecb_carried_forward
2025-12-20,GBP,1.336986,ecb_carried_forward
2025-12-21,EUR,1.171200,ecb_carried_forward
2025-12-21,GBP,1.336986,ecb_carried_forward
2025-12-22,EUR,1.174500,ecb
2025-12-22,GBP,1.343514,ecb
2025-12-23,EUR,1.178600,ecb
2025-12-23,GBP,1.350212,ecb
2025-12-24,EUR,1.178700,ecb
2025-12-24,GBP,1.350326,ecb
2025-12-25,EUR,1.178700,ecb_carried_forward
2025-12-25,GBP,1.350326,ecb_carried_forward
2025-12-26,EUR,1.178700,ecb_carried_forward
2025-12-26,GBP,1.350326,ecb_carried_forward
2025-12-27,EUR,1.178700,ecb_carried_forward
2025-12-27,GBP,1.350326,ecb_carried_forward
2025-12-28,EUR,1.178700,ecb_carried_forward
2025-12-28,GBP,1.350326,ecb_carried_forward
2025-12-29,EUR,1.176600,ecb
2025-12-29,GBP,1.348384,ecb
2025-12-30,EUR,1.175700,ecb
2025-12-30,GBP,1.349518,ecb
2025-12-31,EUR,1.175000,ecb
2025-12-31,GBP,1.346551,ecb
2026-01-01,EUR,1.175000,ecb_carried_forward
2026-01-01,GBP,1.346551,ecb_carried_forward
2026-01-02,EUR,1.172100,ecb
2026-01-02,GBP,1.344306,ecb
2026-01-03,EUR,1.172100,ecb_carried_forward
2026-01-03,GBP,1.344306,ecb_carried_forward
2026-01-04,EUR,1.172100,ecb_carried_forward
2026-01-04,GBP,1.344306,ecb_carried_forward
2026-01-05,EUR,1.166400,ecb
2026-01-05,GBP,1.344398,ecb
2026-01-06,EUR,1.170700,ecb
2026-01-06,GBP,1.351379,ecb
2026-01-07,EUR,1.168400,ecb
2026-01-07,GBP,1.348569,ecb
2026-01-08,EUR,1.167500,ecb
2026-01-08,GBP,1.343962,ecb
2026-01-09,EUR,1.164200,ecb
2026-01-09,GBP,1.341708,ecb
2026-01-10,EUR,1.164200,ecb_carried_forward
2026-01-10,GBP,1.341708,ecb_carried_forward
2026-01-11,EUR,1.164200,ecb_carried_forward
2026-01-11,GBP,1.341708,ecb_carried_forward
2026-01-12,EUR,1.169200,ecb
2026-01-12,GBP,1.347936,ecb
2026-01-13,EUR,1.165400,ecb
2026-01-13,GBP,1.345727,ecb
2026-01-14,EUR,1.165100,ecb
2026-01-14,GBP,1.344139,ecb
2026-01-15,EUR,1.162400,ecb
2026-01-15,GBP,1.340097,ecb
2026-01-16,EUR,1.161700,ecb
2026-01-16,GBP,1.339908,ecb
2026-01-17,EUR,1.161700,ecb_carried_forward
2026-01-17,GBP,1.339908,ecb_carried_forward
2026-01-18,EUR,1.161700,ecb_carried_forward
2026-01-18,GBP,1.339908,ecb_carried_forward
2026-01-19,EUR,1.163100,ecb
2026-01-19,GBP,1.341368,ecb
2026-01-20,EUR,1.172800,ecb
2026-01-20,GBP,1.344646,ecb
2026-01-21,EUR,1.173900,ecb
2026-01-21,GBP,1.342521,ecb
2026-01-22,EUR,1.170600,ecb
2026-01-22,GBP,1.342123,ecb
2026-01-23,EUR,1.174200,ecb
2026-01-23,GBP,1.352609,ecb
2026-01-24,EUR,1.174200,ecb_carried_forward
2026-01-24,GBP,1.352609,ecb_carried_forward
2026-01-25,EUR,1.174200,ecb_carried_forward
2026-01-25,GBP,1.352609,ecb_carried_forward
2026-01-26,EUR,1.183600,ecb
2026-01-26,GBP,1.364380,ecb
2026-01-27,EUR,1.192900,ecb
2026-01-27,GBP,1.373834,ecb
2026-01-28,EUR,1.197400,ecb
2026-01-28,GBP,1.378699,ecb
2026-01-29,EUR,1.196800,ecb
2026-01-29,GBP,1.381667,ecb
2026-01-30,EUR,1.191900,ecb
2026-01-30,GBP,1.376010,ecb
2026-01-31,EUR,1.191900,ecb_carried_forward
2026-01-31,GBP,1.376010,ecb_carried_forward
2026-02-01,EUR,1.191900,ecb_carried_forward
2026-02-01,GBP,1.376010,ecb_carried_forward
2026-02-02,EUR,1.184000,ecb
2026-02-02,GBP,1.367521,ecb
2026-02-03,EUR,1.180100,ecb
2026-02-03,GBP,1.368549,ecb
2026-02-04,EUR,1.182000,ecb
2026-02-04,GBP,1.371866,ecb
2026-02-05,EUR,1.179800,ecb
2026-02-05,GBP,1.357496,ecb
2026-02-06,EUR,1.179400,ecb
2026-02-06,GBP,1.358912,ecb
2026-02-07,EUR,1.179400,ecb_carried_forward
2026-02-07,GBP,1.358912,ecb_carried_forward
2026-02-08,EUR,1.179400,ecb_carried_forward
2026-02-08,GBP,1.358912,ecb_carried_forward
2026-02-09,EUR,1.188600,ecb
2026-02-09,GBP,1.366050,ecb
2026-02-10,EUR,1.189400,ecb
2026-02-10,GBP,1.367913,ecb
2026-02-11,EUR,1.190000,ecb
2026-02-11,GBP,1.367973,ecb
2026-02-12,EUR,1.187400,ecb
2026-02-12,GBP,1.363104,ecb
2026-02-13,EUR,1.186200,ecb
2026-02-13,GBP,1.360945,ecb
2026-02-14,EUR,1.186200,ecb_carried_forward
2026-02-14,GBP,1.360945,ecb_carried_forward
2026-02-15,EUR,1.186200,ecb_carried_forward
2026-02-15,GBP,1.360945,ecb_carried_forward
2026-02-16,EUR,1.185500,ecb
2026-02-16,GBP,1.364212,ecb
2026-02-17,EUR,1.182600,ecb
2026-02-17,GBP,1.354174,ecb
2026-02-18,EUR,1.184500,ecb
2026-02-18,GBP,1.357749,ecb
2026-02-19,EUR,1.175300,ecb
2026-02-19,GBP,1.345045,ecb
2026-02-20,EUR,1.176700,ecb
2026-02-20,GBP,1.348190,ecb
2026-02-21,EUR,1.176700,ecb_carried_forward
2026-02-21,GBP,1.348190,ecb_carried_forward
2026-02-22,EUR,1.176700,ecb_carried_forward
2026-02-22,GBP,1.348190,ecb_carried_forward
2026-02-23,EUR,1.178400,ecb
2026-02-23,GBP,1.349210,ecb
2026-02-24,EUR,1.177700,ecb
2026-02-24,GBP,1.348872,ecb
2026-02-25,EUR,1.178400,ecb
2026-02-25,GBP,1.352307,ecb
2026-02-26,EUR,1.181400,ecb
2026-02-26,GBP,1.354972,ecb
2026-02-27,EUR,1.180500,ecb
2026-02-27,GBP,1.347141,ecb
2026-02-28,EUR,1.180500,ecb_carried_forward
2026-02-28,GBP,1.347141,ecb_carried_forward
2026-03-01,EUR,1.180500,ecb_carried_forward
2026-03-01,GBP,1.347141,ecb_carried_forward
2026-03-02,EUR,1.169800,ecb
2026-03-02,GBP,1.338597,ecb
2026-03-03,EUR,1.160600,ecb
2026-03-03,GBP,1.331421,ecb
2026-03-04,EUR,1.164900,ecb
2026-03-04,GBP,1.338196,ecb
2026-03-05,EUR,1.161800,ecb
2026-03-05,GBP,1.336170,ecb
2026-03-06,EUR,1.156100,ecb
2026-03-06,GBP,1.333556,ecb
2026-03-07,EUR,1.156100,ecb_carried_forward
2026-03-07,GBP,1.333556,ecb_carried_forward
2026-03-08,EUR,1.156100,ecb_carried_forward
2026-03-08,GBP,1.333556,ecb_carried_forward
2026-03-09,EUR,1.155500,ecb
2026-03-09,GBP,1.335375,ecb
2026-03-10,EUR,1.164100,ecb
2026-03-10,GBP,1.345081,ecb
2026-03-11,EUR,1.158100,ecb
2026-03-11,GBP,1.340968,ecb
2026-03-12,EUR,1.154700,ecb
2026-03-12,GBP,1.338891,ecb
2026-03-13,EUR,1.147600,ecb
2026-03-13,GBP,1.326659,ecb
2026-03-14,EUR,1.147600,ecb_carried_forward
2026-03-14,GBP,1.326659,ecb_carried_forward
2026-03-15,EUR,1.147600,ecb_carried_forward
2026-03-15,GBP,1.326659,ecb_carried_forward
2026-03-16,EUR,1.147800,ecb
2026-03-16,GBP,1.328349,ecb
2026-03-17,EUR,1.153100,ecb
2026-03-17,GBP,1.334143,ecb
2026-03-18,EUR,1.150000,ecb
2026-03-18,GBP,1.331126,ecb
2026-03-19,EUR,1.148900,ecb
2026-03-19,GBP,1.329930,ecb
2026-03-20,EUR,1.155500,ecb
2026-03-20,GBP,1.336796,ecb
2026-03-21,EUR,1.155500,ecb_carried_forward
2026-03-21,GBP,1.336796,ecb_carried_forward
2026-03-22,EUR,1.155500,ecb_carried_forward
2026-03-22,GBP,1.336796,ecb_carried_forward
2026-03-23,EUR,1.159600,ecb
2026-03-23,GBP,1.341819,ecb
2026-03-24,EUR,1.157200,ecb
2026-03-24,GBP,1.337170,ecb
2026-03-25,EUR,1.159200,ecb
2026-03-25,GBP,1.339218,ecb
2026-03-26,EUR,1.153900,ecb
2026-03-26,GBP,1.333757,ecb
2026-03-27,EUR,1.151700,ecb
2026-03-27,GBP,1.328067,ecb
2026-03-28,EUR,1.151700,ecb_carried_forward
2026-03-28,GBP,1.328067,ecb_carried_forward
2026-03-29,EUR,1.151700,ecb_carried_forward
2026-03-29,GBP,1.328067,ecb_carried_forward
2026-03-30,EUR,1.148400,ecb
2026-03-30,GBP,1.322996,ecb
2026-03-31,EUR,1.149800,ecb
2026-03-31,GBP,1.324151,ecb
2026-04-01,EUR,1.160500,ecb
2026-04-01,GBP,1.332178,ecb
2026-04-02,EUR,1.152500,ecb
2026-04-02,GBP,1.320871,ecb
2026-04-03,EUR,1.152500,ecb_carried_forward
2026-04-03,GBP,1.320871,ecb_carried_forward
2026-04-04,EUR,1.152500,ecb_carried_forward
2026-04-04,GBP,1.320871,ecb_carried_forward
2026-04-05,EUR,1.152500,ecb_carried_forward
2026-04-05,GBP,1.320871,ecb_carried_forward
2026-04-06,EUR,1.152500,ecb_carried_forward
2026-04-06,GBP,1.320871,ecb_carried_forward
2026-04-07,EUR,1.155700,ecb
2026-04-07,GBP,1.324463,ecb
2026-04-08,EUR,1.170600,ecb
2026-04-08,GBP,1.347174,ecb
2026-04-09,EUR,1.168500,ecb
2026-04-09,GBP,1.342286,ecb
2026-04-10,EUR,1.171100,ecb
2026-04-10,GBP,1.344469,ecb
2026-04-11,EUR,1.171100,ecb_carried_forward
2026-04-11,GBP,1.344469,ecb_carried_forward
2026-04-12,EUR,1.171100,ecb_carried_forward
2026-04-12,GBP,1.344469,ecb_carried_forward
2026-04-13,EUR,1.168400,ecb
2026-04-13,GBP,1.342094,ecb
2026-04-14,EUR,1.179300,ecb
2026-04-14,GBP,1.356874,ecb
2026-04-15,EUR,1.178000,ecb
2026-04-15,GBP,1.355035,ecb
2026-04-16,EUR,1.178200,ecb
2026-04-16,GBP,1.354362,ecb
2026-04-17,EUR,1.179700,ecb
2026-04-17,GBP,1.353364,ecb
2026-04-18,EUR,1.179700,ecb_carried_forward
2026-04-18,GBP,1.353364,ecb_carried_forward
2026-04-19,EUR,1.179700,ecb_carried_forward
2026-04-19,GBP,1.353364,ecb_carried_forward
2026-04-20,EUR,1.176000,ecb
2026-04-20,GBP,1.351025,ecb
2026-04-21,EUR,1.176700,ecb
2026-04-21,GBP,1.351985,ecb
2026-04-22,EUR,1.173300,ecb
2026-04-22,GBP,1.350126,ecb
2026-04-23,EUR,1.169400,ecb
2026-04-23,GBP,1.350736,ecb
2026-04-24,EUR,1.171200,ecb
2026-04-24,GBP,1.349262,ecb
2026-04-25,EUR,1.171200,ecb_carried_forward
2026-04-25,GBP,1.349262,ecb_carried_forward
2026-04-26,EUR,1.171200,ecb_carried_forward
2026-04-26,GBP,1.349262,ecb_carried_forward
2026-04-27,EUR,1.174900,ecb
2026-04-27,GBP,1.357011,ecb
2026-04-28,EUR,1.168000,ecb
2026-04-28,GBP,1.346941,ecb
2026-04-29,EUR,1.170600,ecb
2026-04-29,GBP,1.351061,ecb
2026-04-30,EUR,1.170200,ecb
2026-04-30,GBP,1.350880,ecb
2026-05-01,EUR,1.170200,ecb_carried_forward
2026-05-01,GBP,1.350880,ecb_carried_forward
2026-05-02,EUR,1.170200,ecb_carried_forward
2026-05-02,GBP,1.350880,ecb_carried_forward
2026-05-03,EUR,1.170200,ecb_carried_forward
2026-05-03,GBP,1.350880,ecb_carried_forward
2026-05-04,EUR,1.170000,ecb
2026-05-04,GBP,1.354825,ecb
2026-05-05,EUR,1.168600,ecb
2026-05-05,GBP,1.353439,ecb
2026-05-06,EUR,1.176200,ecb
2026-05-06,GBP,1.361815,ecb
2026-05-07,EUR,1.177000,ecb
2026-05-07,GBP,1.362111,ecb
2026-05-08,EUR,1.176100,ecb
2026-05-08,GBP,1.361069,ecb
2026-05-09,EUR,1.176100,ecb_carried_forward
2026-05-09,GBP,1.361069,ecb_carried_forward
2026-05-10,EUR,1.176100,ecb_carried_forward
2026-05-10,GBP,1.361069,ecb_carried_forward
2026-05-11,EUR,1.176500,ecb
2026-05-11,GBP,1.360304,ecb
2026-05-12,EUR,1.173800,ecb
2026-05-12,GBP,1.352257,ecb
2026-05-13,EUR,1.171500,ecb
2026-05-13,GBP,1.351008,ecb
2026-05-14,EUR,1.170200,ecb
2026-05-14,GBP,1.350989,ecb
2026-05-15,EUR,1.162800,ecb
2026-05-15,GBP,1.335784,ecb
2026-05-16,EUR,1.162800,ecb_carried_forward
2026-05-16,GBP,1.335784,ecb_carried_forward
2026-05-17,EUR,1.162800,ecb_carried_forward
2026-05-17,GBP,1.335784,ecb_carried_forward
2026-05-18,EUR,1.164800,ecb
2026-05-18,GBP,1.338543,ecb
2026-05-19,EUR,1.162000,ecb
2026-05-19,GBP,1.340702,ecb
2026-05-20,EUR,1.160000,ecb
2026-05-20,GBP,1.340188,ecb
2026-05-21,EUR,1.159900,ecb
2026-05-21,GBP,1.341964,ecb
2026-05-22,EUR,1.159500,ecb
2026-05-22,GBP,1.341734,ecb
2026-05-23,EUR,1.159500,ecb_carried_forward
2026-05-23,GBP,1.341734,ecb_carried_forward
2026-05-24,EUR,1.159500,ecb_carried_forward
2026-05-24,GBP,1.341734,ecb_carried_forward
2026-05-25,EUR,1.164300,ecb
2026-05-25,GBP,1.349835,ecb
2026-05-26,EUR,1.163400,ecb
2026-05-26,GBP,1.346918,ecb
2026-05-27,EUR,1.163700,ecb
2026-05-27,GBP,1.343485,ecb
2026-05-28,EUR,1.161700,ecb
2026-05-28,GBP,1.340449,ecb
2026-05-29,EUR,1.164400,ecb
2026-05-29,GBP,1.342666,ecb
2026-05-30,EUR,1.164400,ecb_carried_forward
2026-05-30,GBP,1.342666,ecb_carried_forward
2026-05-31,EUR,1.164400,ecb_carried_forward
2026-05-31,GBP,1.342666,ecb_carried_forward
2026-06-01,EUR,1.164600,ecb
2026-06-01,GBP,1.346467,ecb
2026-06-02,EUR,1.164900,ecb
2026-06-02,GBP,1.347250,ecb
2026-06-03,EUR,1.161400,ecb
2026-06-03,GBP,1.344680,ecb
2026-06-04,EUR,1.164000,ecb
2026-06-04,GBP,1.345820,ecb
2026-06-05,EUR,1.164000,ecb
2026-06-05,GBP,1.346708,ecb
2026-06-06,EUR,1.164000,ecb_carried_forward
2026-06-06,GBP,1.346708,ecb_carried_forward
2026-06-07,EUR,1.164000,ecb_carried_forward
2026-06-07,GBP,1.346708,ecb_carried_forward
2026-06-08,EUR,1.154000,ecb
2026-06-08,GBP,1.336267,ecb
2026-06-09,EUR,1.157300,ecb
2026-06-09,GBP,1.340398,ecb
2026-06-10,EUR,1.153900,ecb
2026-06-10,GBP,1.338196,ecb
2026-06-11,EUR,1.153700,ecb
2026-06-11,GBP,1.336384,ecb
2026-06-12,EUR,1.156700,ecb
2026-06-12,GBP,1.340247,ecb
2026-06-13,EUR,1.156700,ecb_carried_forward
2026-06-13,GBP,1.340247,ecb_carried_forward
2026-06-14,EUR,1.156700,ecb_carried_forward
2026-06-14,GBP,1.340247,ecb_carried_forward
2026-06-15,EUR,1.160700,ecb
2026-06-15,GBP,1.342113,ecb
2026-06-16,EUR,1.159400,ecb
2026-06-16,GBP,1.340796,ecb
2026-06-17,EUR,1.159100,ecb
2026-06-17,GBP,1.340573,ecb
2026-06-18,EUR,1.146100,ecb
2026-06-18,GBP,1.322861,ecb
2026-06-19,EUR,1.146700,ecb
2026-06-19,GBP,1.323324,ecb
2026-06-20,EUR,1.146700,ecb_carried_forward
2026-06-20,GBP,1.323324,ecb_carried_forward
2026-06-21,EUR,1.146700,ecb_carried_forward
2026-06-21,GBP,1.323324,ecb_carried_forward
2026-06-22,EUR,1.145600,ecb
2026-06-22,GBP,1.324883,ecb
2026-06-23,EUR,1.139200,ecb
2026-06-23,GBP,1.321578,ecb
2026-06-24,EUR,1.134000,ecb
2026-06-24,GBP,1.316080,ecb
2026-06-25,EUR,1.134200,ecb
2026-06-25,GBP,1.316037,ecb
2026-06-26,EUR,1.140100,ecb
2026-06-26,GBP,1.321809,ecb
2026-06-27,EUR,1.140100,ecb_carried_forward
2026-06-27,GBP,1.321809,ecb_carried_forward
2026-06-28,EUR,1.140100,ecb_carried_forward
2026-06-28,GBP,1.321809,ecb_carried_forward
2026-06-29,EUR,1.140600,ecb
2026-06-29,GBP,1.322972,ecb
2026-06-30,EUR,1.139400,ecb
2026-06-30,GBP,1.322147,ecb
2026-07-01,EUR,1.138300,ecb
2026-07-01,GBP,1.324020,ecb
2026-07-02,EUR,1.139900,ecb
2026-07-02,GBP,1.330648,ecb
2026-07-03,EUR,1.144800,ecb
2026-07-03,GBP,1.335511,ecb
2026-07-04,EUR,1.144800,ecb_carried_forward
2026-07-04,GBP,1.335511,ecb_carried_forward
2026-07-05,EUR,1.144800,ecb_carried_forward
2026-07-05,GBP,1.335511,ecb_carried_forward
2026-07-06,EUR,1.141500,ecb
2026-07-06,GBP,1.334495,ecb
2026-07-07,EUR,1.143300,ecb
2026-07-07,GBP,1.338586,ecb
2026-07-08,EUR,1.140400,ecb
2026-07-08,GBP,1.334816,ecb
2026-07-09,EUR,1.143500,ecb
2026-07-09,GBP,1.339573,ecb
2026-07-10,EUR,1.143000,ecb
2026-07-10,GBP,1.342258,ecb
2026-07-11,EUR,1.143000,ecb_carried_forward
2026-07-11,GBP,1.342258,ecb_carried_forward
2026-07-12,EUR,1.143000,ecb_carried_forward
2026-07-12,GBP,1.342258,ecb_carried_forward
2026-07-13,EUR,1.142400,ecb
2026-07-13,GBP,1.338802,ecb
2026-07-14,EUR,1.140500,ecb
2026-07-14,GBP,1.338379,ecb
2026-07-15,EUR,1.140600,ecb
2026-07-15,GBP,1.340416,ecb
2026-07-16,EUR,1.146700,ecb
2026-07-16,GBP,1.351077,ecb
2026-07-17,EUR,1.143500,ecb
2026-07-17,GBP,1.343745,ecb
2026-07-18,EUR,1.143500,ecb_carried_forward
2026-07-18,GBP,1.343745,ecb_carried_forward
2026-07-19,EUR,1.143500,ecb_carried_forward
2026-07-19,GBP,1.343745,ecb_carried_forward
2026-07-20,EUR,1.142600,ecb
2026-07-20,GBP,1.346009,ecb
2026-07-21,EUR,1.141800,ecb
2026-07-21,GBP,1.340062,ecb
2026-07-22,EUR,1.140800,ecb
2026-07-22,GBP,1.336771,ecb
2026-07-23,EUR,1.139200,ecb
2026-07-23,GBP,1.335240,ecb
2026-07-24,EUR,1.137700,ecb
2026-07-24,GBP,1.332389,ecb
2026-07-25,EUR,1.137700,ecb_carried_forward
2026-07-25,GBP,1.332389,ecb_carried_forward
2026-07-26,EUR,1.137700,ecb_carried_forward
2026-07-26,GBP,1.332389,ecb_carried_forward
2026-07-27,EUR,1.138900,ecb
2026-07-27,GBP,1.331673,ecb
2026-07-28,EUR,1.136700,ecb
2026-07-28,GBP,1.328697,ecb
2026-07-29,EUR,1.138000,ecb
2026-07-29,GBP,1.328896,ecb
2026-07-30,EUR,1.147600,ecb
2026-07-30,GBP,1.338856,ecb
2026-07-31,EUR,1.148500,ecb
2026-07-31,GBP,1.342129,ecb
2026-08-01,EUR,1.148500,ecb_carried_forward
2026-08-01,GBP,1.342129,ecb_carried_forward
2026-08-02,EUR,1.148500,ecb_carried_forward
2026-08-02,GBP,1.342129,ecb_carried_forward
2026-08-03,EUR,1.153500,ecb
2026-08-03,GBP,1.347027,ecb
2026-08-04,EUR,1.151500,ecb
2026-08-04,GBP,1.344598,ecb
2026-08-05,EUR,1.155400,ecb
2026-08-05,GBP,1.347877,ecb
2026-08-06,EUR,1.154200,ecb
2026-08-06,GBP,1.346713,ecb
2026-08-07,EUR,1.153500,ecb
2026-08-07,GBP,1.344954,ecb
2026-08-08,EUR,1.153500,ecb_carried_forward
2026-08-08,GBP,1.344954,ecb_carried_forward
2026-08-09,EUR,1.153500,ecb_carried_forward
2026-08-09,GBP,1.344954,ecb_carried_forward
2026-08-10,EUR,1.155500,ecb
2026-08-10,GBP,1.350435,ecb
2026-08-11,EUR,1.154000,ecb
2026-08-11,GBP,1.349976,ecb
2026-08-12,EUR,1.154500,ecb
2026-08-12,GBP,1.352539,ecb
2026-08-13,EUR,1.153400,ecb
2026-08-13,GBP,1.349164,ecb
2026-08-14,EUR,1.156700,ecb
2026-08-14,GBP,1.353657,ecb
2026-08-15,EUR,1.156700,ecb_carried_forward
2026-08-15,GBP,1.353657,ecb_carried_forward
2026-08-16,EUR,1.156700,ecb_carried_forward
2026-08-16,GBP,1.353657,ecb_carried_forward
2026-08-17,EUR,1.159300,ecb
2026-08-17,GBP,1.355906,ecb
2026-08-18,EUR,1.157600,ecb
2026-08-18,GBP,1.352573,ecb
2026-08-19,EUR,1.160500,ecb
2026-08-19,GBP,1.355598,ecb
2026-08-20,EUR,1.168100,ecb
2026-08-20,GBP,1.362613,ecb
2026-08-21,EUR,1.169900,ecb
2026-08-21,GBP,1.365589,ecb
2026-08-22,EUR,1.169900,ecb_carried_forward
2026-08-22,GBP,1.365589,ecb_carried_forward
2026-08-23,EUR,1.169900,ecb_carried_forward
2026-08-23,GBP,1.365589,ecb_carried_forward
2026-08-24,EUR,1.166400,ecb
2026-08-24,GBP,1.363413,ecb
2026-08-25,EUR,1.166200,ecb
2026-08-25,GBP,1.363179,ecb
2026-08-26,EUR,1.166900,ecb
2026-08-26,GBP,1.362994,ecb
2026-08-27,EUR,1.164500,ecb
2026-08-27,GBP,1.358176,ecb
2026-08-28,EUR,1.164300,ecb
2026-08-28,GBP,1.358259,ecb
2026-08-29,EUR,1.164300,ecb_carried_forward
2026-08-29,GBP,1.358259,ecb_carried_forward
2026-08-30,EUR,1.164300,ecb_carried_forward
2026-08-30,GBP,1.358259,ecb_carried_forward
2026-08-31,EUR,1.159600,ecb
2026-08-31,GBP,1.353914,ecb
2026-09-01,EUR,1.159000,ecb
2026-09-01,GBP,1.353103,ecb
2026-09-02,EUR,1.157800,ecb
2026-09-02,GBP,1.348317,ecb
2026-09-03,EUR,1.161500,ecb
2026-09-03,GBP,1.349718,ecb
2026-09-04,EUR,1.162200,ecb
2026-09-04,GBP,1.353000,ecb
2026-09-05,EUR,1.162200,ecb_carried_forward
2026-09-05,GBP,1.353000,ecb_carried_forward
2026-09-06,EUR,1.162200,ecb_carried_forward
2026-09-06,GBP,1.353000,ecb_carried_forward
2026-09-07,EUR,1.162200,ecb
2026-09-07,GBP,1.353063,ecb
2026-09-08,EUR,1.161400,ecb
2026-09-08,GBP,1.354560,ecb
2026-09-09,EUR,1.165200,ecb
2026-09-09,GBP,1.356493,ecb
2026-09-10,EUR,1.161600,ecb
2026-09-10,GBP,1.352034,ecb
2026-09-11,EUR,1.159200,ecb
2026-09-11,GBP,1.350813,ecb
2026-09-12,EUR,1.159200,ecb_carried_forward
2026-09-12,GBP,1.350813,ecb_carried_forward
2026-09-13,EUR,1.159200,ecb_carried_forward
2026-09-13,GBP,1.350813,ecb_carried_forward
2026-09-14,EUR,1.155100,ecb
2026-09-14,GBP,1.349447,ecb
2026-09-15,EUR,1.153900,ecb
2026-09-15,GBP,1.348329,ecb
2026-09-16,EUR,1.153700,ecb
2026-09-16,GBP,1.345580,ecb
2026-09-17,EUR,1.148100,ecb
2026-09-17,GBP,1.337644,ecb
2026-09-18,EUR,1.146000,ecb
2026-09-18,GBP,1.334420,ecb
2026-09-19,EUR,1.146000,ecb_carried_forward
2026-09-19,GBP,1.334420,ecb_carried_forward
2026-09-20,EUR,1.146000,ecb_carried_forward
2026-09-20,GBP,1.334420,ecb_carried_forward
2026-09-21,EUR,1.149000,ecb
2026-09-21,GBP,1.339473,ecb
2026-09-22,EUR,1.146300,ecb
2026-09-22,GBP,1.336325,ecb
2026-09-23,EUR,1.141100,ecb
2026-09-23,GBP,1.327632,ecb
2026-09-24,EUR,1.136700,ecb
2026-09-24,GBP,1.321959,ecb
2026-09-25,EUR,1.140300,ecb
2026-09-25,GBP,1.325237,ecb
2026-09-26,EUR,1.140300,ecb_carried_forward
2026-09-26,GBP,1.325237,ecb_carried_forward
2026-09-27,EUR,1.140300,ecb_carried_forward
2026-09-27,GBP,1.325237,ecb_carried_forward
2026-09-28,EUR,1.137800,ecb
2026-09-28,GBP,1.326339,ecb
2026-09-29,EUR,1.135500,ecb
2026-09-29,GBP,1.324693,ecb
2026-09-30,EUR,1.135500,ecb
2026-09-30,GBP,1.328645,ecb
2026-10-01,EUR,1.129800,ecb
2026-10-01,GBP,1.323369,ecb
2026-10-02,EUR,1.131186,simulated
2026-10-02,GBP,1.328602,simulated
2026-10-03,EUR,1.131186,simulated
2026-10-03,GBP,1.328602,simulated
2026-10-04,EUR,1.131186,simulated
2026-10-04,GBP,1.328602,simulated
2026-10-05,EUR,1.132942,simulated
2026-10-05,GBP,1.331025,simulated
2026-10-06,EUR,1.129860,simulated
2026-10-06,GBP,1.325863,simulated
2026-10-07,EUR,1.137673,simulated
2026-10-07,GBP,1.339780,simulated
2026-10-08,EUR,1.141055,simulated
2026-10-08,GBP,1.341233,simulated
2026-10-09,EUR,1.138277,simulated
2026-10-09,GBP,1.344061,simulated
2026-10-10,EUR,1.138277,simulated
2026-10-10,GBP,1.344061,simulated
2026-10-11,EUR,1.138277,simulated
2026-10-11,GBP,1.344061,simulated
2026-10-12,EUR,1.141810,simulated
2026-10-12,GBP,1.346469,simulated
2026-10-13,EUR,1.145632,simulated
2026-10-13,GBP,1.343951,simulated
2026-10-14,EUR,1.143070,simulated
2026-10-14,GBP,1.351837,simulated
2026-10-15,EUR,1.137705,simulated
2026-10-15,GBP,1.352690,simulated
2026-10-16,EUR,1.133005,simulated
2026-10-16,GBP,1.351665,simulated
2026-10-17,EUR,1.133005,simulated
2026-10-17,GBP,1.351665,simulated
2026-10-18,EUR,1.133005,simulated
2026-10-18,GBP,1.351665,simulated
2026-10-19,EUR,1.140676,simulated
2026-10-19,GBP,1.348017,simulated
2026-10-20,EUR,1.145518,simulated
2026-10-20,GBP,1.341628,simulated
2026-10-21,EUR,1.154127,simulated
2026-10-21,GBP,1.339129,simulated
2026-10-22,EUR,1.147271,simulated
2026-10-22,GBP,1.342486,simulated
2026-10-23,EUR,1.144722,simulated
2026-10-23,GBP,1.339012,simulated
2026-10-24,EUR,1.144722,simulated
2026-10-24,GBP,1.339012,simulated
2026-10-25,EUR,1.144722,simulated
2026-10-25,GBP,1.339012,simulated
2026-10-26,EUR,1.143016,simulated
2026-10-26,GBP,1.349173,simulated
2026-10-27,EUR,1.142860,simulated
2026-10-27,GBP,1.343738,simulated
2026-10-28,EUR,1.131949,simulated
2026-10-28,GBP,1.346044,simulated
2026-10-29,EUR,1.130123,simulated
2026-10-29,GBP,1.341121,simulated
2026-10-30,EUR,1.129118,simulated
2026-10-30,GBP,1.341445,simulated
2026-10-31,EUR,1.129118,simulated
2026-10-31,GBP,1.341445,simulated
