plan_code,price_version,feature,entitled
personal,v3,ssh,true
personal,v3,funnel,true
personal,v3,exit_node,true
personal,v3,subnet_router,true
personal,v3,scim,false
personal,v3,mdm_config,false
personal,v3,posture_integration,false
personal,v3,flow_logs,false
personal,v3,log_streaming,false
personal,v3,jit_access,false
starter,v3,ssh,true
starter,v3,funnel,true
starter,v3,exit_node,true
starter,v3,subnet_router,true
starter,v3,scim,false
starter,v3,mdm_config,false
starter,v3,posture_integration,false
starter,v3,flow_logs,false
starter,v3,log_streaming,false
starter,v3,jit_access,false
premium,v3,ssh,true
premium,v3,funnel,true
premium,v3,exit_node,true
premium,v3,subnet_router,true
premium,v3,scim,false
premium,v3,mdm_config,true
premium,v3,posture_integration,true
premium,v3,flow_logs,false
premium,v3,log_streaming,false
premium,v3,jit_access,false
enterprise,v3,ssh,true
enterprise,v3,funnel,true
enterprise,v3,exit_node,true
enterprise,v3,subnet_router,true
enterprise,v3,scim,true
enterprise,v3,mdm_config,true
enterprise,v3,posture_integration,true
enterprise,v3,flow_logs,true
enterprise,v3,log_streaming,true
enterprise,v3,jit_access,true
personal,v4,ssh,true
personal,v4,funnel,true
personal,v4,exit_node,true
personal,v4,subnet_router,true
personal,v4,scim,false
personal,v4,mdm_config,false
personal,v4,posture_integration,false
personal,v4,flow_logs,false
personal,v4,log_streaming,false
personal,v4,jit_access,false
standard,v4,ssh,true
standard,v4,funnel,true
standard,v4,exit_node,true
standard,v4,subnet_router,true
standard,v4,scim,true
standard,v4,mdm_config,true
standard,v4,posture_integration,true
standard,v4,flow_logs,false
standard,v4,log_streaming,false
standard,v4,jit_access,false
premium,v4,ssh,true
premium,v4,funnel,true
premium,v4,exit_node,true
premium,v4,subnet_router,true
premium,v4,scim,true
premium,v4,mdm_config,true
premium,v4,posture_integration,true
premium,v4,flow_logs,true
premium,v4,log_streaming,true
premium,v4,jit_access,true
enterprise,v4,ssh,true
enterprise,v4,funnel,true
enterprise,v4,exit_node,true
enterprise,v4,subnet_router,true
enterprise,v4,scim,true
enterprise,v4,mdm_config,true
enterprise,v4,posture_integration,true
enterprise,v4,flow_logs,true
enterprise,v4,log_streaming,true
enterprise,v4,jit_access,true
