price_id,plan_code,plan_name,price_version,billing_basis,item,unit_amount_usd,package_size,free_units,max_users,discount_pct,cadence,billing_timing,valid_from,valid_to,channel,notes
v3_personal,personal,Personal,v3,free,seat,0.00,,,3,,monthly,in_advance,2023-01-01,2026-04-07,self_serve,
v3_starter,starter,Starter,v3,mau,active_user,6.00,,3,,,monthly,in_arrears,2023-01-01,2026-04-07,self_serve,illustrative price; first 3 active users free
v3_premium,premium,Premium,v3,mau,active_user,18.00,,3,,,monthly,in_arrears,2023-01-01,2026-04-07,self_serve,illustrative basis; first 3 active users free
v3_enterprise,enterprise,Enterprise,v3,contract,enterprise_platform,,,,,,annual,in_advance,2023-01-01,2026-04-07,sales,priced per contract
v4_personal,personal,Personal,v4,free,seat,0.00,,,6,,monthly,in_advance,2026-04-08,,self_serve,
v4_standard,standard,Standard,v4,seat,seat,8.00,,,,,monthly,in_advance,2026-04-08,,self_serve,
v4_premium,premium,Premium,v4,seat,seat,18.00,,,,,monthly,in_advance,2026-04-08,,self_serve,
v4_enterprise,enterprise,Enterprise,v4,contract,enterprise_platform,,,,,,annual,in_advance,2026-04-08,,sales,priced per contract
disc_nonprofit,discount,Nonprofit and education,all,discount,discount,,,,,0.50,,,2023-01-01,,all,illustrative rate
disc_internal,discount,Internal,all,discount,discount,,,,,1.00,,,2023-01-01,,all,D03 internal tailnets on wirefern.example
